2025-10-23T15:23:20.431Z [[32minfo[39m] [shop][localhost:53306] DB Connection Success
2025-10-23T15:23:20.433Z [[32minfo[39m] litening on https://0.0.0.0:8080
2025-10-23T15:25:10.473Z [[32minfo[39m] [shop][localhost:53306] DB Connection Success
2025-10-23T15:25:10.474Z [[32minfo[39m] litening on https://0.0.0.0:8080
2025-10-23T15:26:26.733Z [[32minfo[39m] [shop][localhost:53306] DB Connection Success
2025-10-23T15:26:26.735Z [[32minfo[39m] litening on https://0.0.0.0:8080
2025-10-23T15:26:47.149Z [[32minfo[39m] [shop][localhost:53306] DB Connection Success
2025-10-23T15:26:47.150Z [[32minfo[39m] litening on https://0.0.0.0:8080
2025-10-23T15:26:51.643Z [[32minfo[39m] [shop][localhost:53306] DB Connection Success
2025-10-23T15:26:51.645Z [[32minfo[39m] litening on https://0.0.0.0:8080
2025-10-23T15:28:24.245Z [[32minfo[39m] 127.0.0.1 - - GET 404 /secret 3.423 ms
2025-10-23T15:28:29.952Z [[32minfo[39m] 127.0.0.1 - - GET 200 /get/secret 42.894 ms
2025-10-23T15:28:29.991Z [[32minfo[39m] 127.0.0.1 - - GET 404 /favicon.ico 0.798 ms
2025-10-23T15:30:46.990Z [[32minfo[39m] [shop][localhost:53306] DB Connection Success
2025-10-23T15:30:46.992Z [[32minfo[39m] litening on https://0.0.0.0:8080
2025-10-23T15:30:56.197Z [[32minfo[39m] [shop][localhost:53306] DB Connection Success
2025-10-23T15:30:56.199Z [[32minfo[39m] litening on https://0.0.0.0:8080
2025-10-23T15:31:19.996Z [[32minfo[39m] [shop][localhost:53306] DB Connection Success
2025-10-23T15:31:19.997Z [[32minfo[39m] litening on https://0.0.0.0:8080
2025-10-23T15:31:36.870Z [[32minfo[39m] [shop][localhost:53306] DB Connection Success
2025-10-23T15:31:36.872Z [[32minfo[39m] litening on https://0.0.0.0:8080
2025-10-23T15:32:15.071Z [[32minfo[39m] [shop][localhost:53306] DB Connection Success
2025-10-23T15:32:15.072Z [[32minfo[39m] litening on https://0.0.0.0:8080
2025-10-23T15:32:18.142Z [[32minfo[39m] [shop][localhost:53306] DB Connection Success
2025-10-23T15:32:18.143Z [[32minfo[39m] litening on https://0.0.0.0:8080
2025-10-23T15:33:15.784Z [[32minfo[39m] [shop][localhost:53306] DB Connection Success
2025-10-23T15:33:15.786Z [[32minfo[39m] litening on https://0.0.0.0:8080
2025-10-23T15:33:25.577Z [[32minfo[39m] [shop][localhost:53306] DB Connection Success
2025-10-23T15:33:25.579Z [[32minfo[39m] litening on https://0.0.0.0:8080
2025-10-23T15:39:45.211Z [[32minfo[39m] [shop][localhost:53306] DB Connection Success
2025-10-23T15:39:45.213Z [[32minfo[39m] litening on https://0.0.0.0:8080
2025-10-23T15:39:49.692Z [[32minfo[39m] [shop][localhost:53306] DB Connection Success
2025-10-23T15:39:49.693Z [[32minfo[39m] litening on https://0.0.0.0:8080
2025-10-23T15:41:20.772Z [[32minfo[39m] [shop][localhost:53306] DB Connection Success
2025-10-23T15:41:20.773Z [[32minfo[39m] litening on https://0.0.0.0:8080
2025-10-23T15:41:29.072Z [[32minfo[39m] [shop][localhost:53306] DB Connection Success
2025-10-23T15:41:29.074Z [[32minfo[39m] litening on https://0.0.0.0:8080
2025-10-23T15:41:47.071Z [[32minfo[39m] [shop][localhost:53306] DB Connection Success
2025-10-23T15:41:47.072Z [[32minfo[39m] litening on https://0.0.0.0:8080
2025-10-23T15:42:42.098Z [[32minfo[39m] [shop][localhost:53306] DB Connection Success
2025-10-23T15:42:42.100Z [[32minfo[39m] litening on https://0.0.0.0:8080
2025-10-23T15:44:11.124Z [[32minfo[39m] [shop][localhost:53306] DB Connection Success
2025-10-23T15:44:11.131Z [[31merror[39m] uncaughtException: rows is not defined
ReferenceError: rows is not defined
    at dbConnectionTest (d:\seodev\develope\node\shop_svc\src\lib\db.ts:21:3)
    at process.processTicksAndRejections (node:internal/process/task_queues:95:5)
    at Server.<anonymous> (d:\seodev\develope\node\shop_svc\src\server.ts:54:3)
2025-10-23T15:44:25.674Z [[32minfo[39m] [shop][localhost:53306] DB Connection Success
2025-10-23T15:44:25.675Z [[32minfo[39m] litening on https://0.0.0.0:8080
2025-10-23T15:44:36.234Z [[32minfo[39m] [object Object],[object Object]
2025-10-23T15:44:36.238Z [[32minfo[39m] [shop][localhost:53306] DB Connection Success
2025-10-23T15:44:36.238Z [[32minfo[39m] litening on https://0.0.0.0:8080
2025-10-23T15:44:39.180Z [[32minfo[39m] [object Object],[object Object]
2025-10-23T15:44:39.181Z [[32minfo[39m] [shop][localhost:53306] DB Connection Success
2025-10-23T15:44:39.182Z [[32minfo[39m] litening on https://0.0.0.0:8080
2025-10-23T15:44:45.559Z [[32minfo[39m] [object Object]
2025-10-23T15:44:45.560Z [[32minfo[39m] [shop][localhost:53306] DB Connection Success
2025-10-23T15:44:45.561Z [[32minfo[39m] litening on https://0.0.0.0:8080
2025-10-23T15:44:57.758Z [[32minfo[39m] [object Object]
2025-10-23T15:44:57.760Z [[32minfo[39m] [shop][localhost:53306] DB Connection Success
2025-10-23T15:44:57.760Z [[32minfo[39m] litening on https://0.0.0.0:8080
2025-10-23T15:45:05.314Z [[32minfo[39m] [object Object]
2025-10-23T15:45:05.316Z [[32minfo[39m] [shop][localhost:53306] DB Connection Success
2025-10-23T15:45:05.316Z [[32minfo[39m] litening on https://0.0.0.0:8080
2025-10-23T15:45:13.114Z [[32minfo[39m] [shop][localhost:53306] DB Connection Success
2025-10-23T15:45:13.115Z [[32minfo[39m] litening on https://0.0.0.0:8080
2025-10-23T15:45:21.235Z [[32minfo[39m] [shop][localhost:53306] DB Connection Success
2025-10-23T15:45:21.236Z [[32minfo[39m] litening on https://0.0.0.0:8080
2025-10-23T15:45:52.490Z [[32minfo[39m] [shop][localhost:53306] DB Connection Success
2025-10-23T15:45:52.492Z [[32minfo[39m] litening on https://0.0.0.0:8080
2025-10-23T15:47:49.470Z [[32minfo[39m] [shop][localhost:53306] DB Connection Success
2025-10-23T15:47:49.471Z [[32minfo[39m] litening on https://0.0.0.0:8080
2025-10-23T15:48:00.535Z [[32minfo[39m] [shop][localhost:53306] DB Connection Success
2025-10-23T15:48:00.537Z [[32minfo[39m] litening on https://0.0.0.0:8080
2025-10-23T15:48:11.332Z [[32minfo[39m] [shop][localhost:53306] DB Connection Success
2025-10-23T15:48:11.334Z [[32minfo[39m] litening on https://0.0.0.0:8080
2025-10-23T15:48:34.904Z [[32minfo[39m] [shop][localhost:53306] DB Connection Success
2025-10-23T15:48:34.905Z [[32minfo[39m] litening on https://0.0.0.0:8080
2025-10-23T15:50:36.321Z [[32minfo[39m] [shop][localhost:53306] DB Connection Success
2025-10-23T15:50:36.322Z [[32minfo[39m] litening on https://0.0.0.0:8080
2025-10-23T15:51:15.353Z [[32minfo[39m] [shop][localhost:53306] DB Connection Success
2025-10-23T15:51:15.354Z [[32minfo[39m] litening on https://0.0.0.0:8080
2025-10-23T15:51:32.739Z [[32minfo[39m] [shop][localhost:53306] DB Connection Success
2025-10-23T15:51:32.741Z [[32minfo[39m] litening on https://0.0.0.0:8080
2025-10-23T15:52:09.449Z [[32minfo[39m] [shop][localhost:53306] DB Connection Success
2025-10-23T15:52:09.451Z [[32minfo[39m] litening on https://0.0.0.0:8080
2025-10-23T15:52:24.434Z [[32minfo[39m] [shop][localhost:53306] DB Connection Success
2025-10-23T15:52:24.436Z [[32minfo[39m] litening on https://0.0.0.0:8080
2025-10-23T15:52:36.391Z [[32minfo[39m] [shop][localhost:53306] DB Connection Success
2025-10-23T15:52:36.392Z [[32minfo[39m] litening on https://0.0.0.0:8080
2025-10-23T15:52:41.883Z [[32minfo[39m] [shop][localhost:53306] DB Connection Success
2025-10-23T15:52:41.885Z [[32minfo[39m] litening on https://0.0.0.0:8080
2025-10-23T16:06:13.440Z [[32minfo[39m] [shop][localhost:53306] DB Connection Success
2025-10-23T16:06:13.441Z [[32minfo[39m] litening on https://0.0.0.0:8080
2025-10-23T16:06:16.387Z [[32minfo[39m] [shop][localhost:53306] DB Connection Success
2025-10-23T16:06:16.389Z [[32minfo[39m] litening on https://0.0.0.0:8080
2025-10-23T16:06:23.742Z [[32minfo[39m] 127.0.0.1 - - GET 304 /get/secret 8.311 ms
2025-10-23T16:07:30.491Z [[32minfo[39m] [shop][localhost:53306] DB Connection Success
2025-10-23T16:07:30.492Z [[32minfo[39m] litening on https://0.0.0.0:8080
2025-10-23T16:07:32.685Z [[32minfo[39m] [shop][localhost:53306] DB Connection Success
2025-10-23T16:07:32.686Z [[32minfo[39m] litening on https://0.0.0.0:8080
2025-10-23T16:08:34.116Z [[32minfo[39m] [shop][localhost:53306] DB Connection Success
2025-10-23T16:08:34.118Z [[32minfo[39m] litening on https://0.0.0.0:8080
2025-10-23T16:08:47.141Z [[32minfo[39m] [shop][localhost:53306] DB Connection Success
2025-10-23T16:08:47.143Z [[32minfo[39m] litening on https://0.0.0.0:8080
2025-10-23T16:09:00.659Z [[32minfo[39m] [shop][localhost:53306] DB Connection Success
2025-10-23T16:09:00.661Z [[32minfo[39m] litening on https://0.0.0.0:8080
2025-10-23T16:09:14.167Z [[32minfo[39m] [shop][localhost:53306] DB Connection Success
2025-10-23T16:09:14.169Z [[32minfo[39m] litening on https://0.0.0.0:8080
2025-10-23T16:09:18.398Z [[32minfo[39m] [shop][localhost:53306] DB Connection Success
2025-10-23T16:09:18.399Z [[32minfo[39m] litening on https://0.0.0.0:8080
2025-10-23T16:09:26.189Z [[32minfo[39m] [shop][localhost:53306] DB Connection Success
2025-10-23T16:09:26.191Z [[32minfo[39m] litening on https://0.0.0.0:8080
2025-10-23T16:09:27.978Z [[32minfo[39m] [shop][localhost:53306] DB Connection Success
2025-10-23T16:09:27.980Z [[32minfo[39m] litening on https://0.0.0.0:8080
2025-10-23T16:10:23.188Z [[32minfo[39m] [shop][localhost:53306] DB Connection Success
2025-10-23T16:10:23.189Z [[32minfo[39m] litening on https://0.0.0.0:8080
2025-10-23T16:10:55.845Z [[31merror[39m] uncaughtException: Transform failed with 1 error:
D:\seodev\develope\node\shop_svc\src\lib\query\query.ts:19:28: ERROR: Unexpected end of file
Error: Transform failed with 1 error:
D:\seodev\develope\node\shop_svc\src\lib\query\query.ts:19:28: ERROR: Unexpected end of file
    at failureErrorWithLog (C:\Users\black\AppData\Local\npm-cache\_npx\fd45a72a545557e9\node_modules\esbuild\lib\main.js:1467:15)
    at C:\Users\black\AppData\Local\npm-cache\_npx\fd45a72a545557e9\node_modules\esbuild\lib\main.js:736:50
    at responseCallbacks.<computed> (C:\Users\black\AppData\Local\npm-cache\_npx\fd45a72a545557e9\node_modules\esbuild\lib\main.js:603:9)
    at handleIncomingPacket (C:\Users\black\AppData\Local\npm-cache\_npx\fd45a72a545557e9\node_modules\esbuild\lib\main.js:658:12)
    at Socket.readFromStdout (C:\Users\black\AppData\Local\npm-cache\_npx\fd45a72a545557e9\node_modules\esbuild\lib\main.js:581:7)
    at Socket.emit (node:events:514:28)
    at addChunk (node:internal/streams/readable:324:12)
    at readableAddChunk (node:internal/streams/readable:297:9)
    at Readable.push (node:internal/streams/readable:234:10)
    at Pipe.onStreamRead (node:internal/stream_base_commons:190:23)
2025-10-23T16:11:00.920Z [[31merror[39m] uncaughtException: Transform failed with 1 error:
D:\seodev\develope\node\shop_svc\src\lib\query\query.ts:19:28: ERROR: Unexpected end of file
Error: Transform failed with 1 error:
D:\seodev\develope\node\shop_svc\src\lib\query\query.ts:19:28: ERROR: Unexpected end of file
    at failureErrorWithLog (C:\Users\black\AppData\Local\npm-cache\_npx\fd45a72a545557e9\node_modules\esbuild\lib\main.js:1467:15)
    at C:\Users\black\AppData\Local\npm-cache\_npx\fd45a72a545557e9\node_modules\esbuild\lib\main.js:736:50
    at responseCallbacks.<computed> (C:\Users\black\AppData\Local\npm-cache\_npx\fd45a72a545557e9\node_modules\esbuild\lib\main.js:603:9)
    at handleIncomingPacket (C:\Users\black\AppData\Local\npm-cache\_npx\fd45a72a545557e9\node_modules\esbuild\lib\main.js:658:12)
    at Socket.readFromStdout (C:\Users\black\AppData\Local\npm-cache\_npx\fd45a72a545557e9\node_modules\esbuild\lib\main.js:581:7)
    at Socket.emit (node:events:514:28)
    at addChunk (node:internal/streams/readable:324:12)
    at readableAddChunk (node:internal/streams/readable:297:9)
    at Readable.push (node:internal/streams/readable:234:10)
    at Pipe.onStreamRead (node:internal/stream_base_commons:190:23)
2025-10-23T16:11:16.680Z [[32minfo[39m] [shop][localhost:53306] DB Connection Success
2025-10-23T16:11:16.682Z [[32minfo[39m] litening on https://0.0.0.0:8080
2025-10-23T16:11:25.394Z [[32minfo[39m] [shop][localhost:53306] DB Connection Success
2025-10-23T16:11:25.395Z [[32minfo[39m] litening on https://0.0.0.0:8080
2025-10-23T16:11:33.009Z [[32minfo[39m] [shop][localhost:53306] DB Connection Success
2025-10-23T16:11:33.010Z [[32minfo[39m] litening on https://0.0.0.0:8080
2025-10-23T16:11:34.264Z [[32minfo[39m] [shop][localhost:53306] DB Connection Success
2025-10-23T16:11:34.265Z [[32minfo[39m] litening on https://0.0.0.0:8080
2025-10-23T16:11:41.445Z [[32minfo[39m] [shop][localhost:53306] DB Connection Success
2025-10-23T16:11:41.446Z [[32minfo[39m] litening on https://0.0.0.0:8080
2025-10-23T16:11:45.298Z [[32minfo[39m] [shop][localhost:53306] DB Connection Success
2025-10-23T16:11:45.299Z [[32minfo[39m] litening on https://0.0.0.0:8080
2025-10-23T16:11:48.955Z [[32minfo[39m] [shop][localhost:53306] DB Connection Success
2025-10-23T16:11:48.956Z [[32minfo[39m] litening on https://0.0.0.0:8080
2025-10-23T16:11:51.865Z [[32minfo[39m] [shop][localhost:53306] DB Connection Success
2025-10-23T16:11:51.867Z [[32minfo[39m] litening on https://0.0.0.0:8080
2025-10-23T16:12:43.887Z [[32minfo[39m] [shop][localhost:53306] DB Connection Success
2025-10-23T16:12:43.889Z [[32minfo[39m] litening on https://0.0.0.0:8080
2025-10-23T16:12:51.914Z [[32minfo[39m] [shop][localhost:53306] DB Connection Success
2025-10-23T16:12:51.916Z [[32minfo[39m] litening on https://0.0.0.0:8080
2025-10-23T16:13:08.960Z [[31merror[39m] uncaughtException: Transform failed with 1 error:
D:\seodev\develope\node\shop_svc\src\lib\query\oauth.ts:57:46: ERROR: Expected "}" but found "key"
Error: Transform failed with 1 error:
D:\seodev\develope\node\shop_svc\src\lib\query\oauth.ts:57:46: ERROR: Expected "}" but found "key"
    at failureErrorWithLog (C:\Users\black\AppData\Local\npm-cache\_npx\fd45a72a545557e9\node_modules\esbuild\lib\main.js:1467:15)
    at C:\Users\black\AppData\Local\npm-cache\_npx\fd45a72a545557e9\node_modules\esbuild\lib\main.js:736:50
    at responseCallbacks.<computed> (C:\Users\black\AppData\Local\npm-cache\_npx\fd45a72a545557e9\node_modules\esbuild\lib\main.js:603:9)
    at handleIncomingPacket (C:\Users\black\AppData\Local\npm-cache\_npx\fd45a72a545557e9\node_modules\esbuild\lib\main.js:658:12)
    at Socket.readFromStdout (C:\Users\black\AppData\Local\npm-cache\_npx\fd45a72a545557e9\node_modules\esbuild\lib\main.js:581:7)
    at Socket.emit (node:events:514:28)
    at addChunk (node:internal/streams/readable:324:12)
    at readableAddChunk (node:internal/streams/readable:297:9)
    at Readable.push (node:internal/streams/readable:234:10)
    at Pipe.onStreamRead (node:internal/stream_base_commons:190:23)
2025-10-23T16:13:11.836Z [[32minfo[39m] [shop][localhost:53306] DB Connection Success
2025-10-23T16:13:11.837Z [[32minfo[39m] litening on https://0.0.0.0:8080
2025-10-23T16:13:22.259Z [[32minfo[39m] [shop][localhost:53306] DB Connection Success
2025-10-23T16:13:22.260Z [[32minfo[39m] litening on https://0.0.0.0:8080
2025-10-23T16:13:30.853Z [[32minfo[39m] [shop][localhost:53306] DB Connection Success
2025-10-23T16:13:30.855Z [[32minfo[39m] litening on https://0.0.0.0:8080
2025-10-23T16:13:34.828Z [[32minfo[39m] [shop][localhost:53306] DB Connection Success
2025-10-23T16:13:34.829Z [[32minfo[39m] litening on https://0.0.0.0:8080
2025-10-23T16:13:44.246Z [[32minfo[39m] [shop][localhost:53306] DB Connection Success
2025-10-23T16:13:44.248Z [[32minfo[39m] litening on https://0.0.0.0:8080
2025-10-23T16:13:48.413Z [[32minfo[39m] [shop][localhost:53306] DB Connection Success
2025-10-23T16:13:48.414Z [[32minfo[39m] litening on https://0.0.0.0:8080
2025-10-23T16:13:53.833Z [[32minfo[39m] [shop][localhost:53306] DB Connection Success
2025-10-23T16:13:53.834Z [[32minfo[39m] litening on https://0.0.0.0:8080
2025-10-23T16:14:17.241Z [[32minfo[39m] [shop][localhost:53306] DB Connection Success
2025-10-23T16:14:17.242Z [[32minfo[39m] litening on https://0.0.0.0:8080
2025-10-23T16:14:27.887Z [[32minfo[39m] [shop][localhost:53306] DB Connection Success
2025-10-23T16:14:27.889Z [[32minfo[39m] litening on https://0.0.0.0:8080
2025-10-23T16:15:03.562Z [[32minfo[39m] [shop][localhost:53306] DB Connection Success
2025-10-23T16:15:03.564Z [[32minfo[39m] litening on https://0.0.0.0:8080
2025-10-23T16:15:04.684Z [[32minfo[39m] message: The first argument must be of type string or an instance of Buffer, ArrayBuffer, or Array or an Array-like Object. Received undefinedtrace: Error: The first argument must be of type string or an instance of Buffer, ArrayBuffer, or Array or an Array-like Object. Received undefined
    at PromisePool.query (D:\seodev\develope\node\shop_svc\node_modules\mysql2\lib\promise\pool.js:36:22)
    at selectBasicInfo (d:\seodev\develope\node\shop_svc\src\lib\query\oauth.ts:17:31)
    at <anonymous> (d:\seodev\develope\node\shop_svc\src\routes\api\get.ts:13:35)
    at Layer.handle [as handle_request] (D:\seodev\develope\node\shop_svc\node_modules\express\lib\router\layer.js:95:5)
    at next (D:\seodev\develope\node\shop_svc\node_modules\express\lib\router\route.js:149:13)
    at Route.dispatch (D:\seodev\develope\node\shop_svc\node_modules\express\lib\router\route.js:119:3)
    at Layer.handle [as handle_request] (D:\seodev\develope\node\shop_svc\node_modules\express\lib\router\layer.js:95:5)
    at D:\seodev\develope\node\shop_svc\node_modules\express\lib\router\index.js:284:15
    at Function.process_params (D:\seodev\develope\node\shop_svc\node_modules\express\lib\router\index.js:346:12)
    at next (D:\seodev\develope\node\shop_svc\node_modules\express\lib\router\index.js:280:10)
  code: ERR_INVALID_ARG_TYPE
  errno: undefined
  sql: undefined
  sqlState: undefined
  sqlMessage: undefined
  level: info
  timestamp: 2025-10-23T16:15:04.684Z
2025-10-23T16:15:04.684Z [[31merror[39m] message: message: The first argument must be of type string or an instance of Buffer, ArrayBuffer, or Array or an Array-like Object. Received undefinedtrace: Error: The first argument must be of type string or an instance of Buffer, ArrayBuffer, or Array or an Array-like Object. Received undefined
    at PromisePool.query (D:\seodev\develope\node\shop_svc\node_modules\mysql2\lib\promise\pool.js:36:22)
    at selectBasicInfo (d:\seodev\develope\node\shop_svc\src\lib\query\oauth.ts:17:31)
    at <anonymous> (d:\seodev\develope\node\shop_svc\src\routes\api\get.ts:13:35)
    at Layer.handle [as handle_request] (D:\seodev\develope\node\shop_svc\node_modules\express\lib\router\layer.js:95:5)
    at next (D:\seodev\develope\node\shop_svc\node_modules\express\lib\router\route.js:149:13)
    at Route.dispatch (D:\seodev\develope\node\shop_svc\node_modules\express\lib\router\route.js:119:3)
    at Layer.handle [as handle_request] (D:\seodev\develope\node\shop_svc\node_modules\express\lib\router\layer.js:95:5)
    at D:\seodev\develope\node\shop_svc\node_modules\express\lib\router\index.js:284:15
    at Function.process_params (D:\seodev\develope\node\shop_svc\node_modules\express\lib\router\index.js:346:12)
    at next (D:\seodev\develope\node\shop_svc\node_modules\express\lib\router\index.js:280:10)
  code: ERR_INVALID_ARG_TYPE
  errno: undefined
  sql: undefined
  sqlState: undefined
  sqlMessage: undefined
  level: info
  timestamp: 2025-10-23T16:15:04.684Ztrace: Error: The first argument must be of type string or an instance of Buffer, ArrayBuffer, or Array or an Array-like Object. Received undefined
    at PromisePool.query (D:\seodev\develope\node\shop_svc\node_modules\mysql2\lib\promise\pool.js:36:22)
    at selectBasicInfo (d:\seodev\develope\node\shop_svc\src\lib\query\oauth.ts:17:31)
    at <anonymous> (d:\seodev\develope\node\shop_svc\src\routes\api\get.ts:13:35)
    at Layer.handle [as handle_request] (D:\seodev\develope\node\shop_svc\node_modules\express\lib\router\layer.js:95:5)
    at next (D:\seodev\develope\node\shop_svc\node_modules\express\lib\router\route.js:149:13)
    at Route.dispatch (D:\seodev\develope\node\shop_svc\node_modules\express\lib\router\route.js:119:3)
    at Layer.handle [as handle_request] (D:\seodev\develope\node\shop_svc\node_modules\express\lib\router\layer.js:95:5)
    at D:\seodev\develope\node\shop_svc\node_modules\express\lib\router\index.js:284:15
    at Function.process_params (D:\seodev\develope\node\shop_svc\node_modules\express\lib\router\index.js:346:12)
    at next (D:\seodev\develope\node\shop_svc\node_modules\express\lib\router\index.js:280:10)
  code: ERR_INVALID_ARG_TYPE
  errno: undefined
  sql: undefined
  sqlState: undefined
  sqlMessage: undefined
  level: error
  timestamp: 2025-10-23T16:15:04.684Z
2025-10-23T16:15:04.691Z [[32minfo[39m] 127.0.0.1 - - GET 500 /get/secret 10.062 ms
2025-10-23T16:15:22.482Z [[32minfo[39m] [shop][localhost:53306] DB Connection Success
2025-10-23T16:15:22.484Z [[32minfo[39m] litening on https://0.0.0.0:8080
2025-10-23T16:15:23.838Z [[32minfo[39m] message: The first argument must be of type string or an instance of Buffer, ArrayBuffer, or Array or an Array-like Object. Received undefinedtrace: Error: The first argument must be of type string or an instance of Buffer, ArrayBuffer, or Array or an Array-like Object. Received undefined
    at PromisePool.query (D:\seodev\develope\node\shop_svc\node_modules\mysql2\lib\promise\pool.js:36:22)
    at selectBasicInfo (d:\seodev\develope\node\shop_svc\src\lib\query\oauth.ts:17:31)
    at <anonymous> (d:\seodev\develope\node\shop_svc\src\routes\api\get.ts:13:35)
    at Layer.handle [as handle_request] (D:\seodev\develope\node\shop_svc\node_modules\express\lib\router\layer.js:95:5)
    at next (D:\seodev\develope\node\shop_svc\node_modules\express\lib\router\route.js:149:13)
    at Route.dispatch (D:\seodev\develope\node\shop_svc\node_modules\express\lib\router\route.js:119:3)
    at Layer.handle [as handle_request] (D:\seodev\develope\node\shop_svc\node_modules\express\lib\router\layer.js:95:5)
    at D:\seodev\develope\node\shop_svc\node_modules\express\lib\router\index.js:284:15
    at Function.process_params (D:\seodev\develope\node\shop_svc\node_modules\express\lib\router\index.js:346:12)
    at next (D:\seodev\develope\node\shop_svc\node_modules\express\lib\router\index.js:280:10)
  code: ERR_INVALID_ARG_TYPE
  errno: undefined
  sql: undefined
  sqlState: undefined
  sqlMessage: undefined
  level: info
  timestamp: 2025-10-23T16:15:23.838Z
2025-10-23T16:15:23.838Z [[31merror[39m] message: message: The first argument must be of type string or an instance of Buffer, ArrayBuffer, or Array or an Array-like Object. Received undefinedtrace: Error: The first argument must be of type string or an instance of Buffer, ArrayBuffer, or Array or an Array-like Object. Received undefined
    at PromisePool.query (D:\seodev\develope\node\shop_svc\node_modules\mysql2\lib\promise\pool.js:36:22)
    at selectBasicInfo (d:\seodev\develope\node\shop_svc\src\lib\query\oauth.ts:17:31)
    at <anonymous> (d:\seodev\develope\node\shop_svc\src\routes\api\get.ts:13:35)
    at Layer.handle [as handle_request] (D:\seodev\develope\node\shop_svc\node_modules\express\lib\router\layer.js:95:5)
    at next (D:\seodev\develope\node\shop_svc\node_modules\express\lib\router\route.js:149:13)
    at Route.dispatch (D:\seodev\develope\node\shop_svc\node_modules\express\lib\router\route.js:119:3)
    at Layer.handle [as handle_request] (D:\seodev\develope\node\shop_svc\node_modules\express\lib\router\layer.js:95:5)
    at D:\seodev\develope\node\shop_svc\node_modules\express\lib\router\index.js:284:15
    at Function.process_params (D:\seodev\develope\node\shop_svc\node_modules\express\lib\router\index.js:346:12)
    at next (D:\seodev\develope\node\shop_svc\node_modules\express\lib\router\index.js:280:10)
  code: ERR_INVALID_ARG_TYPE
  errno: undefined
  sql: undefined
  sqlState: undefined
  sqlMessage: undefined
  level: info
  timestamp: 2025-10-23T16:15:23.838Ztrace: Error: The first argument must be of type string or an instance of Buffer, ArrayBuffer, or Array or an Array-like Object. Received undefined
    at PromisePool.query (D:\seodev\develope\node\shop_svc\node_modules\mysql2\lib\promise\pool.js:36:22)
    at selectBasicInfo (d:\seodev\develope\node\shop_svc\src\lib\query\oauth.ts:17:31)
    at <anonymous> (d:\seodev\develope\node\shop_svc\src\routes\api\get.ts:13:35)
    at Layer.handle [as handle_request] (D:\seodev\develope\node\shop_svc\node_modules\express\lib\router\layer.js:95:5)
    at next (D:\seodev\develope\node\shop_svc\node_modules\express\lib\router\route.js:149:13)
    at Route.dispatch (D:\seodev\develope\node\shop_svc\node_modules\express\lib\router\route.js:119:3)
    at Layer.handle [as handle_request] (D:\seodev\develope\node\shop_svc\node_modules\express\lib\router\layer.js:95:5)
    at D:\seodev\develope\node\shop_svc\node_modules\express\lib\router\index.js:284:15
    at Function.process_params (D:\seodev\develope\node\shop_svc\node_modules\express\lib\router\index.js:346:12)
    at next (D:\seodev\develope\node\shop_svc\node_modules\express\lib\router\index.js:280:10)
  code: ERR_INVALID_ARG_TYPE
  errno: undefined
  sql: undefined
  sqlState: undefined
  sqlMessage: undefined
  level: error
  timestamp: 2025-10-23T16:15:23.838Z
2025-10-23T16:15:23.845Z [[32minfo[39m] 127.0.0.1 - - GET 500 /get/secret 7.897 ms
2025-10-23T16:16:30.874Z [[32minfo[39m] [shop][localhost:53306] DB Connection Success
2025-10-23T16:16:30.875Z [[32minfo[39m] litening on https://0.0.0.0:8080
2025-10-23T16:16:32.366Z [[31merror[39m] message: The first argument must be of type string or an instance of Buffer, ArrayBuffer, or Array or an Array-like Object. Received undefinedtrace: Error: The first argument must be of type string or an instance of Buffer, ArrayBuffer, or Array or an Array-like Object. Received undefined
    at PromisePool.query (D:\seodev\develope\node\shop_svc\node_modules\mysql2\lib\promise\pool.js:36:22)
    at selectBasicInfo (d:\seodev\develope\node\shop_svc\src\lib\query\oauth.ts:18:31)
    at <anonymous> (d:\seodev\develope\node\shop_svc\src\routes\api\get.ts:13:35)
    at Layer.handle [as handle_request] (D:\seodev\develope\node\shop_svc\node_modules\express\lib\router\layer.js:95:5)
    at next (D:\seodev\develope\node\shop_svc\node_modules\express\lib\router\route.js:149:13)
    at Route.dispatch (D:\seodev\develope\node\shop_svc\node_modules\express\lib\router\route.js:119:3)
    at Layer.handle [as handle_request] (D:\seodev\develope\node\shop_svc\node_modules\express\lib\router\layer.js:95:5)
    at D:\seodev\develope\node\shop_svc\node_modules\express\lib\router\index.js:284:15
    at Function.process_params (D:\seodev\develope\node\shop_svc\node_modules\express\lib\router\index.js:346:12)
    at next (D:\seodev\develope\node\shop_svc\node_modules\express\lib\router\index.js:280:10)
  code: ERR_INVALID_ARG_TYPE
  errno: undefined
  sql: undefined
  sqlState: undefined
  sqlMessage: undefined
  level: error
  timestamp: 2025-10-23T16:16:32.366Z
2025-10-23T16:16:32.368Z [[32minfo[39m] message: Cannot destructure property 'value' of '(intermediate value)' as it is undefined.trace: TypeError: Cannot destructure property 'value' of '(intermediate value)' as it is undefined.
    at <anonymous> (d:\seodev\develope\node\shop_svc\src\routes\api\get.ts:13:20)
    at process.processTicksAndRejections (node:internal/process/task_queues:95:5)
  level: info
  timestamp: 2025-10-23T16:16:32.368Z
2025-10-23T16:16:32.368Z [[31merror[39m] message: message: Cannot destructure property 'value' of '(intermediate value)' as it is undefined.trace: TypeError: Cannot destructure property 'value' of '(intermediate value)' as it is undefined.
    at <anonymous> (d:\seodev\develope\node\shop_svc\src\routes\api\get.ts:13:20)
    at process.processTicksAndRejections (node:internal/process/task_queues:95:5)
  level: info
  timestamp: 2025-10-23T16:16:32.368Ztrace: TypeError: Cannot destructure property 'value' of '(intermediate value)' as it is undefined.
    at <anonymous> (d:\seodev\develope\node\shop_svc\src\routes\api\get.ts:13:20)
    at process.processTicksAndRejections (node:internal/process/task_queues:95:5)
  level: error
  timestamp: 2025-10-23T16:16:32.368Z
2025-10-23T16:16:32.374Z [[32minfo[39m] 127.0.0.1 - - GET 500 /get/secret 9.501 ms
2025-10-23T16:17:09.527Z [[32minfo[39m] [shop][localhost:53306] DB Connection Success
2025-10-23T16:17:09.528Z [[32minfo[39m] litening on https://0.0.0.0:8080
2025-10-23T16:17:11.332Z [[31merror[39m] message: The first argument must be of type string or an instance of Buffer, ArrayBuffer, or Array or an Array-like Object. Received undefinedtrace: Error: The first argument must be of type string or an instance of Buffer, ArrayBuffer, or Array or an Array-like Object. Received undefined
    at PromisePool.query (D:\seodev\develope\node\shop_svc\node_modules\mysql2\lib\promise\pool.js:36:22)
    at selectBasicInfo (d:\seodev\develope\node\shop_svc\src\lib\query\oauth.ts:18:31)
    at <anonymous> (d:\seodev\develope\node\shop_svc\src\routes\api\get.ts:13:35)
    at Layer.handle [as handle_request] (D:\seodev\develope\node\shop_svc\node_modules\express\lib\router\layer.js:95:5)
    at next (D:\seodev\develope\node\shop_svc\node_modules\express\lib\router\route.js:149:13)
    at Route.dispatch (D:\seodev\develope\node\shop_svc\node_modules\express\lib\router\route.js:119:3)
    at Layer.handle [as handle_request] (D:\seodev\develope\node\shop_svc\node_modules\express\lib\router\layer.js:95:5)
    at D:\seodev\develope\node\shop_svc\node_modules\express\lib\router\index.js:284:15
    at Function.process_params (D:\seodev\develope\node\shop_svc\node_modules\express\lib\router\index.js:346:12)
    at next (D:\seodev\develope\node\shop_svc\node_modules\express\lib\router\index.js:280:10)
  code: ERR_INVALID_ARG_TYPE
  errno: undefined
  sql: undefined
  sqlState: undefined
  sqlMessage: undefined
  level: error
  timestamp: 2025-10-23T16:17:11.332Z
2025-10-23T16:17:11.334Z [[32minfo[39m] message: Cannot destructure property 'value' of '(intermediate value)' as it is undefined.trace: TypeError: Cannot destructure property 'value' of '(intermediate value)' as it is undefined.
    at <anonymous> (d:\seodev\develope\node\shop_svc\src\routes\api\get.ts:13:20)
    at process.processTicksAndRejections (node:internal/process/task_queues:95:5)
  level: info
  timestamp: 2025-10-23T16:17:11.334Z
2025-10-23T16:17:11.334Z [[31merror[39m] message: message: Cannot destructure property 'value' of '(intermediate value)' as it is undefined.trace: TypeError: Cannot destructure property 'value' of '(intermediate value)' as it is undefined.
    at <anonymous> (d:\seodev\develope\node\shop_svc\src\routes\api\get.ts:13:20)
    at process.processTicksAndRejections (node:internal/process/task_queues:95:5)
  level: info
  timestamp: 2025-10-23T16:17:11.334Ztrace: TypeError: Cannot destructure property 'value' of '(intermediate value)' as it is undefined.
    at <anonymous> (d:\seodev\develope\node\shop_svc\src\routes\api\get.ts:13:20)
    at process.processTicksAndRejections (node:internal/process/task_queues:95:5)
  level: error
  timestamp: 2025-10-23T16:17:11.334Z
2025-10-23T16:17:11.339Z [[32minfo[39m] 127.0.0.1 - - GET 500 /get/secret 9.013 ms
2025-10-23T16:18:01.486Z [[32minfo[39m] [shop][localhost:53306] DB Connection Success
2025-10-23T16:18:01.487Z [[32minfo[39m] litening on https://0.0.0.0:8080
2025-10-23T16:18:05.488Z [[32minfo[39m] [shop][localhost:53306] DB Connection Success
2025-10-23T16:18:05.489Z [[32minfo[39m] litening on https://0.0.0.0:8080
2025-10-23T16:18:06.005Z [[31merror[39m] message: The first argument must be of type string or an instance of Buffer, ArrayBuffer, or Array or an Array-like Object. Received undefinedtrace: Error: The first argument must be of type string or an instance of Buffer, ArrayBuffer, or Array or an Array-like Object. Received undefined
    at PromisePool.query (D:\seodev\develope\node\shop_svc\node_modules\mysql2\lib\promise\pool.js:36:22)
    at selectBasicInfo (d:\seodev\develope\node\shop_svc\src\lib\query\oauth.ts:18:31)
    at <anonymous> (d:\seodev\develope\node\shop_svc\src\routes\api\get.ts:13:35)
    at Layer.handle [as handle_request] (D:\seodev\develope\node\shop_svc\node_modules\express\lib\router\layer.js:95:5)
    at next (D:\seodev\develope\node\shop_svc\node_modules\express\lib\router\route.js:149:13)
    at Route.dispatch (D:\seodev\develope\node\shop_svc\node_modules\express\lib\router\route.js:119:3)
    at Layer.handle [as handle_request] (D:\seodev\develope\node\shop_svc\node_modules\express\lib\router\layer.js:95:5)
    at D:\seodev\develope\node\shop_svc\node_modules\express\lib\router\index.js:284:15
    at Function.process_params (D:\seodev\develope\node\shop_svc\node_modules\express\lib\router\index.js:346:12)
    at next (D:\seodev\develope\node\shop_svc\node_modules\express\lib\router\index.js:280:10)
  code: ERR_INVALID_ARG_TYPE
  errno: undefined
  sql: undefined
  sqlState: undefined
  sqlMessage: undefined
  level: error
  timestamp: 2025-10-23T16:18:06.005Z
2025-10-23T16:18:06.005Z [[31merror[39m] message: message: The first argument must be of type string or an instance of Buffer, ArrayBuffer, or Array or an Array-like Object. Received undefinedtrace: Error: The first argument must be of type string or an instance of Buffer, ArrayBuffer, or Array or an Array-like Object. Received undefined
    at PromisePool.query (D:\seodev\develope\node\shop_svc\node_modules\mysql2\lib\promise\pool.js:36:22)
    at selectBasicInfo (d:\seodev\develope\node\shop_svc\src\lib\query\oauth.ts:18:31)
    at <anonymous> (d:\seodev\develope\node\shop_svc\src\routes\api\get.ts:13:35)
    at Layer.handle [as handle_request] (D:\seodev\develope\node\shop_svc\node_modules\express\lib\router\layer.js:95:5)
    at next (D:\seodev\develope\node\shop_svc\node_modules\express\lib\router\route.js:149:13)
    at Route.dispatch (D:\seodev\develope\node\shop_svc\node_modules\express\lib\router\route.js:119:3)
    at Layer.handle [as handle_request] (D:\seodev\develope\node\shop_svc\node_modules\express\lib\router\layer.js:95:5)
    at D:\seodev\develope\node\shop_svc\node_modules\express\lib\router\index.js:284:15
    at Function.process_params (D:\seodev\develope\node\shop_svc\node_modules\express\lib\router\index.js:346:12)
    at next (D:\seodev\develope\node\shop_svc\node_modules\express\lib\router\index.js:280:10)
  code: ERR_INVALID_ARG_TYPE
  errno: undefined
  sql: undefined
  sqlState: undefined
  sqlMessage: undefined
  level: error
  timestamp: 2025-10-23T16:18:06.005Ztrace: Error: The first argument must be of type string or an instance of Buffer, ArrayBuffer, or Array or an Array-like Object. Received undefined
    at PromisePool.query (D:\seodev\develope\node\shop_svc\node_modules\mysql2\lib\promise\pool.js:36:22)
    at selectBasicInfo (d:\seodev\develope\node\shop_svc\src\lib\query\oauth.ts:18:31)
    at <anonymous> (d:\seodev\develope\node\shop_svc\src\routes\api\get.ts:13:35)
    at Layer.handle [as handle_request] (D:\seodev\develope\node\shop_svc\node_modules\express\lib\router\layer.js:95:5)
    at next (D:\seodev\develope\node\shop_svc\node_modules\express\lib\router\route.js:149:13)
    at Route.dispatch (D:\seodev\develope\node\shop_svc\node_modules\express\lib\router\route.js:119:3)
    at Layer.handle [as handle_request] (D:\seodev\develope\node\shop_svc\node_modules\express\lib\router\layer.js:95:5)
    at D:\seodev\develope\node\shop_svc\node_modules\express\lib\router\index.js:284:15
    at Function.process_params (D:\seodev\develope\node\shop_svc\node_modules\express\lib\router\index.js:346:12)
    at next (D:\seodev\develope\node\shop_svc\node_modules\express\lib\router\index.js:280:10)
  code: ERR_INVALID_ARG_TYPE
  errno: undefined
  sql: undefined
  sqlState: undefined
  sqlMessage: undefined
  level: error
  timestamp: 2025-10-23T16:18:06.005Z
2025-10-23T16:18:06.013Z [[32minfo[39m] 127.0.0.1 - - GET 500 /get/secret 9.162 ms
2025-10-23T16:18:25.926Z [[32minfo[39m] [shop][localhost:53306] DB Connection Success
2025-10-23T16:18:25.930Z [[32minfo[39m] litening on https://0.0.0.0:8080
2025-10-23T16:18:34.040Z [[32minfo[39m] [shop][localhost:53306] DB Connection Success
2025-10-23T16:18:34.042Z [[32minfo[39m] litening on https://0.0.0.0:8080
2025-10-23T16:18:37.206Z [[31merror[39m] message: The first argument must be of type string or an instance of Buffer, ArrayBuffer, or Array or an Array-like Object. Received undefinedtrace: Error: The first argument must be of type string or an instance of Buffer, ArrayBuffer, or Array or an Array-like Object. Received undefined
    at PromisePool.query (D:\seodev\develope\node\shop_svc\node_modules\mysql2\lib\promise\pool.js:36:22)
    at selectBasicInfo (d:\seodev\develope\node\shop_svc\src\lib\query\oauth.ts:17:31)
    at <anonymous> (d:\seodev\develope\node\shop_svc\src\routes\api\get.ts:13:35)
    at Layer.handle [as handle_request] (D:\seodev\develope\node\shop_svc\node_modules\express\lib\router\layer.js:95:5)
    at next (D:\seodev\develope\node\shop_svc\node_modules\express\lib\router\route.js:149:13)
    at Route.dispatch (D:\seodev\develope\node\shop_svc\node_modules\express\lib\router\route.js:119:3)
    at Layer.handle [as handle_request] (D:\seodev\develope\node\shop_svc\node_modules\express\lib\router\layer.js:95:5)
    at D:\seodev\develope\node\shop_svc\node_modules\express\lib\router\index.js:284:15
    at Function.process_params (D:\seodev\develope\node\shop_svc\node_modules\express\lib\router\index.js:346:12)
    at next (D:\seodev\develope\node\shop_svc\node_modules\express\lib\router\index.js:280:10)
  code: ERR_INVALID_ARG_TYPE
  errno: undefined
  sql: undefined
  sqlState: undefined
  sqlMessage: undefined
  level: error
  timestamp: 2025-10-23T16:18:37.206Z
2025-10-23T16:18:37.206Z [[31merror[39m] message: message: The first argument must be of type string or an instance of Buffer, ArrayBuffer, or Array or an Array-like Object. Received undefinedtrace: Error: The first argument must be of type string or an instance of Buffer, ArrayBuffer, or Array or an Array-like Object. Received undefined
    at PromisePool.query (D:\seodev\develope\node\shop_svc\node_modules\mysql2\lib\promise\pool.js:36:22)
    at selectBasicInfo (d:\seodev\develope\node\shop_svc\src\lib\query\oauth.ts:17:31)
    at <anonymous> (d:\seodev\develope\node\shop_svc\src\routes\api\get.ts:13:35)
    at Layer.handle [as handle_request] (D:\seodev\develope\node\shop_svc\node_modules\express\lib\router\layer.js:95:5)
    at next (D:\seodev\develope\node\shop_svc\node_modules\express\lib\router\route.js:149:13)
    at Route.dispatch (D:\seodev\develope\node\shop_svc\node_modules\express\lib\router\route.js:119:3)
    at Layer.handle [as handle_request] (D:\seodev\develope\node\shop_svc\node_modules\express\lib\router\layer.js:95:5)
    at D:\seodev\develope\node\shop_svc\node_modules\express\lib\router\index.js:284:15
    at Function.process_params (D:\seodev\develope\node\shop_svc\node_modules\express\lib\router\index.js:346:12)
    at next (D:\seodev\develope\node\shop_svc\node_modules\express\lib\router\index.js:280:10)
  code: ERR_INVALID_ARG_TYPE
  errno: undefined
  sql: undefined
  sqlState: undefined
  sqlMessage: undefined
  level: error
  timestamp: 2025-10-23T16:18:37.206Ztrace: Error: The first argument must be of type string or an instance of Buffer, ArrayBuffer, or Array or an Array-like Object. Received undefined
    at PromisePool.query (D:\seodev\develope\node\shop_svc\node_modules\mysql2\lib\promise\pool.js:36:22)
    at selectBasicInfo (d:\seodev\develope\node\shop_svc\src\lib\query\oauth.ts:17:31)
    at <anonymous> (d:\seodev\develope\node\shop_svc\src\routes\api\get.ts:13:35)
    at Layer.handle [as handle_request] (D:\seodev\develope\node\shop_svc\node_modules\express\lib\router\layer.js:95:5)
    at next (D:\seodev\develope\node\shop_svc\node_modules\express\lib\router\route.js:149:13)
    at Route.dispatch (D:\seodev\develope\node\shop_svc\node_modules\express\lib\router\route.js:119:3)
    at Layer.handle [as handle_request] (D:\seodev\develope\node\shop_svc\node_modules\express\lib\router\layer.js:95:5)
    at D:\seodev\develope\node\shop_svc\node_modules\express\lib\router\index.js:284:15
    at Function.process_params (D:\seodev\develope\node\shop_svc\node_modules\express\lib\router\index.js:346:12)
    at next (D:\seodev\develope\node\shop_svc\node_modules\express\lib\router\index.js:280:10)
  code: ERR_INVALID_ARG_TYPE
  errno: undefined
  sql: undefined
  sqlState: undefined
  sqlMessage: undefined
  level: error
  timestamp: 2025-10-23T16:18:37.206Z
2025-10-23T16:18:37.219Z [[32minfo[39m] 127.0.0.1 - - GET 500 /get/secret 14.677 ms
2025-10-23T16:19:11.380Z [[32minfo[39m] [shop][localhost:53306] DB Connection Success
2025-10-23T16:19:11.382Z [[32minfo[39m] litening on https://0.0.0.0:8080
2025-10-23T16:19:12.104Z [[31merror[39m] message: The first argument must be of type string or an instance of Buffer, ArrayBuffer, or Array or an Array-like Object. Received undefined
trace: Error: The first argument must be of type string or an instance of Buffer, ArrayBuffer, or Array or an Array-like Object. Received undefined
    at PromisePool.query (D:\seodev\develope\node\shop_svc\node_modules\mysql2\lib\promise\pool.js:36:22)
    at selectBasicInfo (d:\seodev\develope\node\shop_svc\src\lib\query\oauth.ts:17:31)
    at <anonymous> (d:\seodev\develope\node\shop_svc\src\routes\api\get.ts:13:35)
    at Layer.handle [as handle_request] (D:\seodev\develope\node\shop_svc\node_modules\express\lib\router\layer.js:95:5)
    at next (D:\seodev\develope\node\shop_svc\node_modules\express\lib\router\route.js:149:13)
    at Route.dispatch (D:\seodev\develope\node\shop_svc\node_modules\express\lib\router\route.js:119:3)
    at Layer.handle [as handle_request] (D:\seodev\develope\node\shop_svc\node_modules\express\lib\router\layer.js:95:5)
    at D:\seodev\develope\node\shop_svc\node_modules\express\lib\router\index.js:284:15
    at Function.process_params (D:\seodev\develope\node\shop_svc\node_modules\express\lib\router\index.js:346:12)
    at next (D:\seodev\develope\node\shop_svc\node_modules\express\lib\router\index.js:280:10)

  code: ERR_INVALID_ARG_TYPE
  errno: undefined
  sql: undefined
  sqlState: undefined
  sqlMessage: undefined
  level: error
  timestamp: 2025-10-23T16:19:12.104Z
2025-10-23T16:19:12.104Z [[31merror[39m] message: message: The first argument must be of type string or an instance of Buffer, ArrayBuffer, or Array or an Array-like Object. Received undefined
trace: Error: The first argument must be of type string or an instance of Buffer, ArrayBuffer, or Array or an Array-like Object. Received undefined
    at PromisePool.query (D:\seodev\develope\node\shop_svc\node_modules\mysql2\lib\promise\pool.js:36:22)
    at selectBasicInfo (d:\seodev\develope\node\shop_svc\src\lib\query\oauth.ts:17:31)
    at <anonymous> (d:\seodev\develope\node\shop_svc\src\routes\api\get.ts:13:35)
    at Layer.handle [as handle_request] (D:\seodev\develope\node\shop_svc\node_modules\express\lib\router\layer.js:95:5)
    at next (D:\seodev\develope\node\shop_svc\node_modules\express\lib\router\route.js:149:13)
    at Route.dispatch (D:\seodev\develope\node\shop_svc\node_modules\express\lib\router\route.js:119:3)
    at Layer.handle [as handle_request] (D:\seodev\develope\node\shop_svc\node_modules\express\lib\router\layer.js:95:5)
    at D:\seodev\develope\node\shop_svc\node_modules\express\lib\router\index.js:284:15
    at Function.process_params (D:\seodev\develope\node\shop_svc\node_modules\express\lib\router\index.js:346:12)
    at next (D:\seodev\develope\node\shop_svc\node_modules\express\lib\router\index.js:280:10)

  code: ERR_INVALID_ARG_TYPE
  errno: undefined
  sql: undefined
  sqlState: undefined
  sqlMessage: undefined
  level: error
  timestamp: 2025-10-23T16:19:12.104Z
trace: Error: The first argument must be of type string or an instance of Buffer, ArrayBuffer, or Array or an Array-like Object. Received undefined
    at PromisePool.query (D:\seodev\develope\node\shop_svc\node_modules\mysql2\lib\promise\pool.js:36:22)
    at selectBasicInfo (d:\seodev\develope\node\shop_svc\src\lib\query\oauth.ts:17:31)
    at <anonymous> (d:\seodev\develope\node\shop_svc\src\routes\api\get.ts:13:35)
    at Layer.handle [as handle_request] (D:\seodev\develope\node\shop_svc\node_modules\express\lib\router\layer.js:95:5)
    at next (D:\seodev\develope\node\shop_svc\node_modules\express\lib\router\route.js:149:13)
    at Route.dispatch (D:\seodev\develope\node\shop_svc\node_modules\express\lib\router\route.js:119:3)
    at Layer.handle [as handle_request] (D:\seodev\develope\node\shop_svc\node_modules\express\lib\router\layer.js:95:5)
    at D:\seodev\develope\node\shop_svc\node_modules\express\lib\router\index.js:284:15
    at Function.process_params (D:\seodev\develope\node\shop_svc\node_modules\express\lib\router\index.js:346:12)
    at next (D:\seodev\develope\node\shop_svc\node_modules\express\lib\router\index.js:280:10)

  code: ERR_INVALID_ARG_TYPE
  errno: undefined
  sql: undefined
  sqlState: undefined
  sqlMessage: undefined
  level: error
  timestamp: 2025-10-23T16:19:12.104Z
2025-10-23T16:19:12.113Z [[32minfo[39m] 127.0.0.1 - - GET 500 /get/secret 9.747 ms
2025-10-23T16:19:20.454Z [[32minfo[39m] [shop][localhost:53306] DB Connection Success
2025-10-23T16:19:20.455Z [[32minfo[39m] litening on https://0.0.0.0:8080
2025-10-23T16:19:20.955Z [[31merror[39m] The first argument must be of type string or an instance of Buffer, ArrayBuffer, or Array or an Array-like Object. Received undefined
trace: Error: The first argument must be of type string or an instance of Buffer, ArrayBuffer, or Array or an Array-like Object. Received undefined
    at PromisePool.query (D:\seodev\develope\node\shop_svc\node_modules\mysql2\lib\promise\pool.js:36:22)
    at selectBasicInfo (d:\seodev\develope\node\shop_svc\src\lib\query\oauth.ts:17:31)
    at <anonymous> (d:\seodev\develope\node\shop_svc\src\routes\api\get.ts:13:35)
    at Layer.handle [as handle_request] (D:\seodev\develope\node\shop_svc\node_modules\express\lib\router\layer.js:95:5)
    at next (D:\seodev\develope\node\shop_svc\node_modules\express\lib\router\route.js:149:13)
    at Route.dispatch (D:\seodev\develope\node\shop_svc\node_modules\express\lib\router\route.js:119:3)
    at Layer.handle [as handle_request] (D:\seodev\develope\node\shop_svc\node_modules\express\lib\router\layer.js:95:5)
    at D:\seodev\develope\node\shop_svc\node_modules\express\lib\router\index.js:284:15
    at Function.process_params (D:\seodev\develope\node\shop_svc\node_modules\express\lib\router\index.js:346:12)
    at next (D:\seodev\develope\node\shop_svc\node_modules\express\lib\router\index.js:280:10)

  code: ERR_INVALID_ARG_TYPE
  errno: undefined
  sql: undefined
  sqlState: undefined
  sqlMessage: undefined
  level: error
  timestamp: 2025-10-23T16:19:20.955Z
2025-10-23T16:19:20.955Z [[31merror[39m] The first argument must be of type string or an instance of Buffer, ArrayBuffer, or Array or an Array-like Object. Received undefined
trace: Error: The first argument must be of type string or an instance of Buffer, ArrayBuffer, or Array or an Array-like Object. Received undefined
    at PromisePool.query (D:\seodev\develope\node\shop_svc\node_modules\mysql2\lib\promise\pool.js:36:22)
    at selectBasicInfo (d:\seodev\develope\node\shop_svc\src\lib\query\oauth.ts:17:31)
    at <anonymous> (d:\seodev\develope\node\shop_svc\src\routes\api\get.ts:13:35)
    at Layer.handle [as handle_request] (D:\seodev\develope\node\shop_svc\node_modules\express\lib\router\layer.js:95:5)
    at next (D:\seodev\develope\node\shop_svc\node_modules\express\lib\router\route.js:149:13)
    at Route.dispatch (D:\seodev\develope\node\shop_svc\node_modules\express\lib\router\route.js:119:3)
    at Layer.handle [as handle_request] (D:\seodev\develope\node\shop_svc\node_modules\express\lib\router\layer.js:95:5)
    at D:\seodev\develope\node\shop_svc\node_modules\express\lib\router\index.js:284:15
    at Function.process_params (D:\seodev\develope\node\shop_svc\node_modules\express\lib\router\index.js:346:12)
    at next (D:\seodev\develope\node\shop_svc\node_modules\express\lib\router\index.js:280:10)

  code: ERR_INVALID_ARG_TYPE
  errno: undefined
  sql: undefined
  sqlState: undefined
  sqlMessage: undefined
  level: error
  timestamp: 2025-10-23T16:19:20.955Z
trace: Error: The first argument must be of type string or an instance of Buffer, ArrayBuffer, or Array or an Array-like Object. Received undefined
    at PromisePool.query (D:\seodev\develope\node\shop_svc\node_modules\mysql2\lib\promise\pool.js:36:22)
    at selectBasicInfo (d:\seodev\develope\node\shop_svc\src\lib\query\oauth.ts:17:31)
    at <anonymous> (d:\seodev\develope\node\shop_svc\src\routes\api\get.ts:13:35)
    at Layer.handle [as handle_request] (D:\seodev\develope\node\shop_svc\node_modules\express\lib\router\layer.js:95:5)
    at next (D:\seodev\develope\node\shop_svc\node_modules\express\lib\router\route.js:149:13)
    at Route.dispatch (D:\seodev\develope\node\shop_svc\node_modules\express\lib\router\route.js:119:3)
    at Layer.handle [as handle_request] (D:\seodev\develope\node\shop_svc\node_modules\express\lib\router\layer.js:95:5)
    at D:\seodev\develope\node\shop_svc\node_modules\express\lib\router\index.js:284:15
    at Function.process_params (D:\seodev\develope\node\shop_svc\node_modules\express\lib\router\index.js:346:12)
    at next (D:\seodev\develope\node\shop_svc\node_modules\express\lib\router\index.js:280:10)

  code: ERR_INVALID_ARG_TYPE
  errno: undefined
  sql: undefined
  sqlState: undefined
  sqlMessage: undefined
  level: error
  timestamp: 2025-10-23T16:19:20.955Z
2025-10-23T16:19:20.961Z [[32minfo[39m] 127.0.0.1 - - GET 500 /get/secret 7.599 ms
2025-10-23T16:20:00.835Z [[32minfo[39m] [shop][localhost:53306] DB Connection Success
2025-10-23T16:20:00.837Z [[32minfo[39m] litening on https://0.0.0.0:8080
2025-10-23T16:20:02.388Z [[31merror[39m] The first argument must be of type string or an instance of Buffer, ArrayBuffer, or Array or an Array-like Object. Received undefined
	trace: Error: The first argument must be of type string or an instance of Buffer, ArrayBuffer, or Array or an Array-like Object. Received undefined
    at PromisePool.query (D:\seodev\develope\node\shop_svc\node_modules\mysql2\lib\promise\pool.js:36:22)
    at selectBasicInfo (d:\seodev\develope\node\shop_svc\src\lib\query\oauth.ts:17:31)
    at <anonymous> (d:\seodev\develope\node\shop_svc\src\routes\api\get.ts:13:35)
    at Layer.handle [as handle_request] (D:\seodev\develope\node\shop_svc\node_modules\express\lib\router\layer.js:95:5)
    at next (D:\seodev\develope\node\shop_svc\node_modules\express\lib\router\route.js:149:13)
    at Route.dispatch (D:\seodev\develope\node\shop_svc\node_modules\express\lib\router\route.js:119:3)
    at Layer.handle [as handle_request] (D:\seodev\develope\node\shop_svc\node_modules\express\lib\router\layer.js:95:5)
    at D:\seodev\develope\node\shop_svc\node_modules\express\lib\router\index.js:284:15
    at Function.process_params (D:\seodev\develope\node\shop_svc\node_modules\express\lib\router\index.js:346:12)
    at next (D:\seodev\develope\node\shop_svc\node_modules\express\lib\router\index.js:280:10)

  code: ERR_INVALID_ARG_TYPE
  errno: undefined
  sql: undefined
  sqlState: undefined
  sqlMessage: undefined
  level: error
  timestamp: 2025-10-23T16:20:02.388Z
2025-10-23T16:20:02.388Z [[31merror[39m] The first argument must be of type string or an instance of Buffer, ArrayBuffer, or Array or an Array-like Object. Received undefined
	trace: Error: The first argument must be of type string or an instance of Buffer, ArrayBuffer, or Array or an Array-like Object. Received undefined
    at PromisePool.query (D:\seodev\develope\node\shop_svc\node_modules\mysql2\lib\promise\pool.js:36:22)
    at selectBasicInfo (d:\seodev\develope\node\shop_svc\src\lib\query\oauth.ts:17:31)
    at <anonymous> (d:\seodev\develope\node\shop_svc\src\routes\api\get.ts:13:35)
    at Layer.handle [as handle_request] (D:\seodev\develope\node\shop_svc\node_modules\express\lib\router\layer.js:95:5)
    at next (D:\seodev\develope\node\shop_svc\node_modules\express\lib\router\route.js:149:13)
    at Route.dispatch (D:\seodev\develope\node\shop_svc\node_modules\express\lib\router\route.js:119:3)
    at Layer.handle [as handle_request] (D:\seodev\develope\node\shop_svc\node_modules\express\lib\router\layer.js:95:5)
    at D:\seodev\develope\node\shop_svc\node_modules\express\lib\router\index.js:284:15
    at Function.process_params (D:\seodev\develope\node\shop_svc\node_modules\express\lib\router\index.js:346:12)
    at next (D:\seodev\develope\node\shop_svc\node_modules\express\lib\router\index.js:280:10)

  code: ERR_INVALID_ARG_TYPE
  errno: undefined
  sql: undefined
  sqlState: undefined
  sqlMessage: undefined
  level: error
  timestamp: 2025-10-23T16:20:02.388Z
	trace: Error: The first argument must be of type string or an instance of Buffer, ArrayBuffer, or Array or an Array-like Object. Received undefined
    at PromisePool.query (D:\seodev\develope\node\shop_svc\node_modules\mysql2\lib\promise\pool.js:36:22)
    at selectBasicInfo (d:\seodev\develope\node\shop_svc\src\lib\query\oauth.ts:17:31)
    at <anonymous> (d:\seodev\develope\node\shop_svc\src\routes\api\get.ts:13:35)
    at Layer.handle [as handle_request] (D:\seodev\develope\node\shop_svc\node_modules\express\lib\router\layer.js:95:5)
    at next (D:\seodev\develope\node\shop_svc\node_modules\express\lib\router\route.js:149:13)
    at Route.dispatch (D:\seodev\develope\node\shop_svc\node_modules\express\lib\router\route.js:119:3)
    at Layer.handle [as handle_request] (D:\seodev\develope\node\shop_svc\node_modules\express\lib\router\layer.js:95:5)
    at D:\seodev\develope\node\shop_svc\node_modules\express\lib\router\index.js:284:15
    at Function.process_params (D:\seodev\develope\node\shop_svc\node_modules\express\lib\router\index.js:346:12)
    at next (D:\seodev\develope\node\shop_svc\node_modules\express\lib\router\index.js:280:10)

  code: ERR_INVALID_ARG_TYPE
  errno: undefined
  sql: undefined
  sqlState: undefined
  sqlMessage: undefined
  level: error
  timestamp: 2025-10-23T16:20:02.388Z
2025-10-23T16:20:02.394Z [[32minfo[39m] 127.0.0.1 - - GET 500 /get/secret 7.372 ms
2025-10-23T16:20:06.508Z [[32minfo[39m] [shop][localhost:53306] DB Connection Success
2025-10-23T16:20:06.510Z [[32minfo[39m] litening on https://0.0.0.0:8080
2025-10-23T16:20:09.313Z [[31merror[39m] The first argument must be of type string or an instance of Buffer, ArrayBuffer, or Array or an Array-like Object. Received undefined
trace: Error: The first argument must be of type string or an instance of Buffer, ArrayBuffer, or Array or an Array-like Object. Received undefined
    at PromisePool.query (D:\seodev\develope\node\shop_svc\node_modules\mysql2\lib\promise\pool.js:36:22)
    at selectBasicInfo (d:\seodev\develope\node\shop_svc\src\lib\query\oauth.ts:17:31)
    at <anonymous> (d:\seodev\develope\node\shop_svc\src\routes\api\get.ts:13:35)
    at Layer.handle [as handle_request] (D:\seodev\develope\node\shop_svc\node_modules\express\lib\router\layer.js:95:5)
    at next (D:\seodev\develope\node\shop_svc\node_modules\express\lib\router\route.js:149:13)
    at Route.dispatch (D:\seodev\develope\node\shop_svc\node_modules\express\lib\router\route.js:119:3)
    at Layer.handle [as handle_request] (D:\seodev\develope\node\shop_svc\node_modules\express\lib\router\layer.js:95:5)
    at D:\seodev\develope\node\shop_svc\node_modules\express\lib\router\index.js:284:15
    at Function.process_params (D:\seodev\develope\node\shop_svc\node_modules\express\lib\router\index.js:346:12)
    at next (D:\seodev\develope\node\shop_svc\node_modules\express\lib\router\index.js:280:10)

  code: ERR_INVALID_ARG_TYPE
  errno: undefined
  sql: undefined
  sqlState: undefined
  sqlMessage: undefined
  level: error
  timestamp: 2025-10-23T16:20:09.313Z
2025-10-23T16:20:09.313Z [[31merror[39m] The first argument must be of type string or an instance of Buffer, ArrayBuffer, or Array or an Array-like Object. Received undefined
trace: Error: The first argument must be of type string or an instance of Buffer, ArrayBuffer, or Array or an Array-like Object. Received undefined
    at PromisePool.query (D:\seodev\develope\node\shop_svc\node_modules\mysql2\lib\promise\pool.js:36:22)
    at selectBasicInfo (d:\seodev\develope\node\shop_svc\src\lib\query\oauth.ts:17:31)
    at <anonymous> (d:\seodev\develope\node\shop_svc\src\routes\api\get.ts:13:35)
    at Layer.handle [as handle_request] (D:\seodev\develope\node\shop_svc\node_modules\express\lib\router\layer.js:95:5)
    at next (D:\seodev\develope\node\shop_svc\node_modules\express\lib\router\route.js:149:13)
    at Route.dispatch (D:\seodev\develope\node\shop_svc\node_modules\express\lib\router\route.js:119:3)
    at Layer.handle [as handle_request] (D:\seodev\develope\node\shop_svc\node_modules\express\lib\router\layer.js:95:5)
    at D:\seodev\develope\node\shop_svc\node_modules\express\lib\router\index.js:284:15
    at Function.process_params (D:\seodev\develope\node\shop_svc\node_modules\express\lib\router\index.js:346:12)
    at next (D:\seodev\develope\node\shop_svc\node_modules\express\lib\router\index.js:280:10)

  code: ERR_INVALID_ARG_TYPE
  errno: undefined
  sql: undefined
  sqlState: undefined
  sqlMessage: undefined
  level: error
  timestamp: 2025-10-23T16:20:09.313Z
trace: Error: The first argument must be of type string or an instance of Buffer, ArrayBuffer, or Array or an Array-like Object. Received undefined
    at PromisePool.query (D:\seodev\develope\node\shop_svc\node_modules\mysql2\lib\promise\pool.js:36:22)
    at selectBasicInfo (d:\seodev\develope\node\shop_svc\src\lib\query\oauth.ts:17:31)
    at <anonymous> (d:\seodev\develope\node\shop_svc\src\routes\api\get.ts:13:35)
    at Layer.handle [as handle_request] (D:\seodev\develope\node\shop_svc\node_modules\express\lib\router\layer.js:95:5)
    at next (D:\seodev\develope\node\shop_svc\node_modules\express\lib\router\route.js:149:13)
    at Route.dispatch (D:\seodev\develope\node\shop_svc\node_modules\express\lib\router\route.js:119:3)
    at Layer.handle [as handle_request] (D:\seodev\develope\node\shop_svc\node_modules\express\lib\router\layer.js:95:5)
    at D:\seodev\develope\node\shop_svc\node_modules\express\lib\router\index.js:284:15
    at Function.process_params (D:\seodev\develope\node\shop_svc\node_modules\express\lib\router\index.js:346:12)
    at next (D:\seodev\develope\node\shop_svc\node_modules\express\lib\router\index.js:280:10)

  code: ERR_INVALID_ARG_TYPE
  errno: undefined
  sql: undefined
  sqlState: undefined
  sqlMessage: undefined
  level: error
  timestamp: 2025-10-23T16:20:09.313Z
2025-10-23T16:20:09.322Z [[32minfo[39m] 127.0.0.1 - - GET 500 /get/secret 9.907 ms
2025-10-23T16:20:15.966Z [[32minfo[39m] [shop][localhost:53306] DB Connection Success
2025-10-23T16:20:15.968Z [[32minfo[39m] litening on https://0.0.0.0:8080
2025-10-23T16:20:16.408Z [[31merror[39m] The first argument must be of type string or an instance of Buffer, ArrayBuffer, or Array or an Array-like Object. Received undefined
  trace: Error: The first argument must be of type string or an instance of Buffer, ArrayBuffer, or Array or an Array-like Object. Received undefined
    at PromisePool.query (D:\seodev\develope\node\shop_svc\node_modules\mysql2\lib\promise\pool.js:36:22)
    at selectBasicInfo (d:\seodev\develope\node\shop_svc\src\lib\query\oauth.ts:17:31)
    at <anonymous> (d:\seodev\develope\node\shop_svc\src\routes\api\get.ts:13:35)
    at Layer.handle [as handle_request] (D:\seodev\develope\node\shop_svc\node_modules\express\lib\router\layer.js:95:5)
    at next (D:\seodev\develope\node\shop_svc\node_modules\express\lib\router\route.js:149:13)
    at Route.dispatch (D:\seodev\develope\node\shop_svc\node_modules\express\lib\router\route.js:119:3)
    at Layer.handle [as handle_request] (D:\seodev\develope\node\shop_svc\node_modules\express\lib\router\layer.js:95:5)
    at D:\seodev\develope\node\shop_svc\node_modules\express\lib\router\index.js:284:15
    at Function.process_params (D:\seodev\develope\node\shop_svc\node_modules\express\lib\router\index.js:346:12)
    at next (D:\seodev\develope\node\shop_svc\node_modules\express\lib\router\index.js:280:10)

  code: ERR_INVALID_ARG_TYPE
  errno: undefined
  sql: undefined
  sqlState: undefined
  sqlMessage: undefined
  level: error
  timestamp: 2025-10-23T16:20:16.408Z
2025-10-23T16:20:16.408Z [[31merror[39m] The first argument must be of type string or an instance of Buffer, ArrayBuffer, or Array or an Array-like Object. Received undefined
  trace: Error: The first argument must be of type string or an instance of Buffer, ArrayBuffer, or Array or an Array-like Object. Received undefined
    at PromisePool.query (D:\seodev\develope\node\shop_svc\node_modules\mysql2\lib\promise\pool.js:36:22)
    at selectBasicInfo (d:\seodev\develope\node\shop_svc\src\lib\query\oauth.ts:17:31)
    at <anonymous> (d:\seodev\develope\node\shop_svc\src\routes\api\get.ts:13:35)
    at Layer.handle [as handle_request] (D:\seodev\develope\node\shop_svc\node_modules\express\lib\router\layer.js:95:5)
    at next (D:\seodev\develope\node\shop_svc\node_modules\express\lib\router\route.js:149:13)
    at Route.dispatch (D:\seodev\develope\node\shop_svc\node_modules\express\lib\router\route.js:119:3)
    at Layer.handle [as handle_request] (D:\seodev\develope\node\shop_svc\node_modules\express\lib\router\layer.js:95:5)
    at D:\seodev\develope\node\shop_svc\node_modules\express\lib\router\index.js:284:15
    at Function.process_params (D:\seodev\develope\node\shop_svc\node_modules\express\lib\router\index.js:346:12)
    at next (D:\seodev\develope\node\shop_svc\node_modules\express\lib\router\index.js:280:10)

  code: ERR_INVALID_ARG_TYPE
  errno: undefined
  sql: undefined
  sqlState: undefined
  sqlMessage: undefined
  level: error
  timestamp: 2025-10-23T16:20:16.408Z
  trace: Error: The first argument must be of type string or an instance of Buffer, ArrayBuffer, or Array or an Array-like Object. Received undefined
    at PromisePool.query (D:\seodev\develope\node\shop_svc\node_modules\mysql2\lib\promise\pool.js:36:22)
    at selectBasicInfo (d:\seodev\develope\node\shop_svc\src\lib\query\oauth.ts:17:31)
    at <anonymous> (d:\seodev\develope\node\shop_svc\src\routes\api\get.ts:13:35)
    at Layer.handle [as handle_request] (D:\seodev\develope\node\shop_svc\node_modules\express\lib\router\layer.js:95:5)
    at next (D:\seodev\develope\node\shop_svc\node_modules\express\lib\router\route.js:149:13)
    at Route.dispatch (D:\seodev\develope\node\shop_svc\node_modules\express\lib\router\route.js:119:3)
    at Layer.handle [as handle_request] (D:\seodev\develope\node\shop_svc\node_modules\express\lib\router\layer.js:95:5)
    at D:\seodev\develope\node\shop_svc\node_modules\express\lib\router\index.js:284:15
    at Function.process_params (D:\seodev\develope\node\shop_svc\node_modules\express\lib\router\index.js:346:12)
    at next (D:\seodev\develope\node\shop_svc\node_modules\express\lib\router\index.js:280:10)

  code: ERR_INVALID_ARG_TYPE
  errno: undefined
  sql: undefined
  sqlState: undefined
  sqlMessage: undefined
  level: error
  timestamp: 2025-10-23T16:20:16.408Z
2025-10-23T16:20:16.432Z [[32minfo[39m] 127.0.0.1 - - GET 500 /get/secret 25.836 ms
2025-10-23T16:20:34.091Z [[32minfo[39m] [shop][localhost:53306] DB Connection Success
2025-10-23T16:20:34.092Z [[32minfo[39m] litening on https://0.0.0.0:8080
2025-10-23T16:20:34.549Z [[31merror[39m] The first argument must be of type string or an instance of Buffer, ArrayBuffer, or Array or an Array-like Object. Received undefined
trace:
Error: The first argument must be of type string or an instance of Buffer, ArrayBuffer, or Array or an Array-like Object. Received undefined
    at PromisePool.query (D:\seodev\develope\node\shop_svc\node_modules\mysql2\lib\promise\pool.js:36:22)
    at selectBasicInfo (d:\seodev\develope\node\shop_svc\src\lib\query\oauth.ts:17:31)
    at <anonymous> (d:\seodev\develope\node\shop_svc\src\routes\api\get.ts:13:35)
    at Layer.handle [as handle_request] (D:\seodev\develope\node\shop_svc\node_modules\express\lib\router\layer.js:95:5)
    at next (D:\seodev\develope\node\shop_svc\node_modules\express\lib\router\route.js:149:13)
    at Route.dispatch (D:\seodev\develope\node\shop_svc\node_modules\express\lib\router\route.js:119:3)
    at Layer.handle [as handle_request] (D:\seodev\develope\node\shop_svc\node_modules\express\lib\router\layer.js:95:5)
    at D:\seodev\develope\node\shop_svc\node_modules\express\lib\router\index.js:284:15
    at Function.process_params (D:\seodev\develope\node\shop_svc\node_modules\express\lib\router\index.js:346:12)
    at next (D:\seodev\develope\node\shop_svc\node_modules\express\lib\router\index.js:280:10)

  code: ERR_INVALID_ARG_TYPE
  errno: undefined
  sql: undefined
  sqlState: undefined
  sqlMessage: undefined
  level: error
  timestamp: 2025-10-23T16:20:34.549Z
2025-10-23T16:20:34.549Z [[31merror[39m] The first argument must be of type string or an instance of Buffer, ArrayBuffer, or Array or an Array-like Object. Received undefined
trace:
Error: The first argument must be of type string or an instance of Buffer, ArrayBuffer, or Array or an Array-like Object. Received undefined
    at PromisePool.query (D:\seodev\develope\node\shop_svc\node_modules\mysql2\lib\promise\pool.js:36:22)
    at selectBasicInfo (d:\seodev\develope\node\shop_svc\src\lib\query\oauth.ts:17:31)
    at <anonymous> (d:\seodev\develope\node\shop_svc\src\routes\api\get.ts:13:35)
    at Layer.handle [as handle_request] (D:\seodev\develope\node\shop_svc\node_modules\express\lib\router\layer.js:95:5)
    at next (D:\seodev\develope\node\shop_svc\node_modules\express\lib\router\route.js:149:13)
    at Route.dispatch (D:\seodev\develope\node\shop_svc\node_modules\express\lib\router\route.js:119:3)
    at Layer.handle [as handle_request] (D:\seodev\develope\node\shop_svc\node_modules\express\lib\router\layer.js:95:5)
    at D:\seodev\develope\node\shop_svc\node_modules\express\lib\router\index.js:284:15
    at Function.process_params (D:\seodev\develope\node\shop_svc\node_modules\express\lib\router\index.js:346:12)
    at next (D:\seodev\develope\node\shop_svc\node_modules\express\lib\router\index.js:280:10)

  code: ERR_INVALID_ARG_TYPE
  errno: undefined
  sql: undefined
  sqlState: undefined
  sqlMessage: undefined
  level: error
  timestamp: 2025-10-23T16:20:34.549Z
trace:
Error: The first argument must be of type string or an instance of Buffer, ArrayBuffer, or Array or an Array-like Object. Received undefined
    at PromisePool.query (D:\seodev\develope\node\shop_svc\node_modules\mysql2\lib\promise\pool.js:36:22)
    at selectBasicInfo (d:\seodev\develope\node\shop_svc\src\lib\query\oauth.ts:17:31)
    at <anonymous> (d:\seodev\develope\node\shop_svc\src\routes\api\get.ts:13:35)
    at Layer.handle [as handle_request] (D:\seodev\develope\node\shop_svc\node_modules\express\lib\router\layer.js:95:5)
    at next (D:\seodev\develope\node\shop_svc\node_modules\express\lib\router\route.js:149:13)
    at Route.dispatch (D:\seodev\develope\node\shop_svc\node_modules\express\lib\router\route.js:119:3)
    at Layer.handle [as handle_request] (D:\seodev\develope\node\shop_svc\node_modules\express\lib\router\layer.js:95:5)
    at D:\seodev\develope\node\shop_svc\node_modules\express\lib\router\index.js:284:15
    at Function.process_params (D:\seodev\develope\node\shop_svc\node_modules\express\lib\router\index.js:346:12)
    at next (D:\seodev\develope\node\shop_svc\node_modules\express\lib\router\index.js:280:10)

  code: ERR_INVALID_ARG_TYPE
  errno: undefined
  sql: undefined
  sqlState: undefined
  sqlMessage: undefined
  level: error
  timestamp: 2025-10-23T16:20:34.549Z
2025-10-23T16:20:34.558Z [[32minfo[39m] 127.0.0.1 - - GET 500 /get/secret 8.845 ms
2025-10-23T16:20:49.288Z [[32minfo[39m] [shop][localhost:53306] DB Connection Success
2025-10-23T16:20:49.290Z [[32minfo[39m] litening on https://0.0.0.0:8080
2025-10-23T16:20:49.495Z [[31merror[39m] The first argument must be of type string or an instance of Buffer, ArrayBuffer, or Array or an Array-like Object. Received undefined
  Error: The first argument must be of type string or an instance of Buffer, ArrayBuffer, or Array or an Array-like Object. Received undefined
    at PromisePool.query (D:\seodev\develope\node\shop_svc\node_modules\mysql2\lib\promise\pool.js:36:22)
    at selectBasicInfo (d:\seodev\develope\node\shop_svc\src\lib\query\oauth.ts:17:31)
    at <anonymous> (d:\seodev\develope\node\shop_svc\src\routes\api\get.ts:13:35)
    at Layer.handle [as handle_request] (D:\seodev\develope\node\shop_svc\node_modules\express\lib\router\layer.js:95:5)
    at next (D:\seodev\develope\node\shop_svc\node_modules\express\lib\router\route.js:149:13)
    at Route.dispatch (D:\seodev\develope\node\shop_svc\node_modules\express\lib\router\route.js:119:3)
    at Layer.handle [as handle_request] (D:\seodev\develope\node\shop_svc\node_modules\express\lib\router\layer.js:95:5)
    at D:\seodev\develope\node\shop_svc\node_modules\express\lib\router\index.js:284:15
    at Function.process_params (D:\seodev\develope\node\shop_svc\node_modules\express\lib\router\index.js:346:12)
    at next (D:\seodev\develope\node\shop_svc\node_modules\express\lib\router\index.js:280:10)

  code: ERR_INVALID_ARG_TYPE
  errno: undefined
  sql: undefined
  sqlState: undefined
  sqlMessage: undefined
  level: error
  timestamp: 2025-10-23T16:20:49.495Z
2025-10-23T16:20:49.495Z [[31merror[39m] The first argument must be of type string or an instance of Buffer, ArrayBuffer, or Array or an Array-like Object. Received undefined
  Error: The first argument must be of type string or an instance of Buffer, ArrayBuffer, or Array or an Array-like Object. Received undefined
    at PromisePool.query (D:\seodev\develope\node\shop_svc\node_modules\mysql2\lib\promise\pool.js:36:22)
    at selectBasicInfo (d:\seodev\develope\node\shop_svc\src\lib\query\oauth.ts:17:31)
    at <anonymous> (d:\seodev\develope\node\shop_svc\src\routes\api\get.ts:13:35)
    at Layer.handle [as handle_request] (D:\seodev\develope\node\shop_svc\node_modules\express\lib\router\layer.js:95:5)
    at next (D:\seodev\develope\node\shop_svc\node_modules\express\lib\router\route.js:149:13)
    at Route.dispatch (D:\seodev\develope\node\shop_svc\node_modules\express\lib\router\route.js:119:3)
    at Layer.handle [as handle_request] (D:\seodev\develope\node\shop_svc\node_modules\express\lib\router\layer.js:95:5)
    at D:\seodev\develope\node\shop_svc\node_modules\express\lib\router\index.js:284:15
    at Function.process_params (D:\seodev\develope\node\shop_svc\node_modules\express\lib\router\index.js:346:12)
    at next (D:\seodev\develope\node\shop_svc\node_modules\express\lib\router\index.js:280:10)

  code: ERR_INVALID_ARG_TYPE
  errno: undefined
  sql: undefined
  sqlState: undefined
  sqlMessage: undefined
  level: error
  timestamp: 2025-10-23T16:20:49.495Z
  Error: The first argument must be of type string or an instance of Buffer, ArrayBuffer, or Array or an Array-like Object. Received undefined
    at PromisePool.query (D:\seodev\develope\node\shop_svc\node_modules\mysql2\lib\promise\pool.js:36:22)
    at selectBasicInfo (d:\seodev\develope\node\shop_svc\src\lib\query\oauth.ts:17:31)
    at <anonymous> (d:\seodev\develope\node\shop_svc\src\routes\api\get.ts:13:35)
    at Layer.handle [as handle_request] (D:\seodev\develope\node\shop_svc\node_modules\express\lib\router\layer.js:95:5)
    at next (D:\seodev\develope\node\shop_svc\node_modules\express\lib\router\route.js:149:13)
    at Route.dispatch (D:\seodev\develope\node\shop_svc\node_modules\express\lib\router\route.js:119:3)
    at Layer.handle [as handle_request] (D:\seodev\develope\node\shop_svc\node_modules\express\lib\router\layer.js:95:5)
    at D:\seodev\develope\node\shop_svc\node_modules\express\lib\router\index.js:284:15
    at Function.process_params (D:\seodev\develope\node\shop_svc\node_modules\express\lib\router\index.js:346:12)
    at next (D:\seodev\develope\node\shop_svc\node_modules\express\lib\router\index.js:280:10)

  code: ERR_INVALID_ARG_TYPE
  errno: undefined
  sql: undefined
  sqlState: undefined
  sqlMessage: undefined
  level: error
  timestamp: 2025-10-23T16:20:49.495Z
2025-10-23T16:20:49.502Z [[32minfo[39m] 127.0.0.1 - - GET 500 /get/secret 7.699 ms
2025-10-23T16:22:21.766Z [[32minfo[39m] [shop][localhost:53306] DB Connection Success
2025-10-23T16:22:21.767Z [[32minfo[39m] litening on https://0.0.0.0:8080
2025-10-23T16:22:23.127Z [[32minfo[39m] 127.0.0.1 - - GET 200 /get/secret 9.925 ms
2025-10-23T16:22:49.948Z [[32minfo[39m] [shop][localhost:53306] DB Connection Success
2025-10-23T16:22:49.950Z [[32minfo[39m] litening on https://0.0.0.0:8080
2025-10-23T16:22:49.979Z [[31merror[39m] Cannot destructure property 'value' of '(intermediate value)' as it is undefined.
  TypeError: Cannot destructure property 'value' of '(intermediate value)' as it is undefined.
    at <anonymous> (d:\seodev\develope\node\shop_svc\src\routes\api\get.ts:13:20)
    at process.processTicksAndRejections (node:internal/process/task_queues:95:5)

  level: error
  timestamp: 2025-10-23T16:22:49.979Z
2025-10-23T16:22:49.979Z [[31merror[39m] Cannot destructure property 'value' of '(intermediate value)' as it is undefined.
  TypeError: Cannot destructure property 'value' of '(intermediate value)' as it is undefined.
    at <anonymous> (d:\seodev\develope\node\shop_svc\src\routes\api\get.ts:13:20)
    at process.processTicksAndRejections (node:internal/process/task_queues:95:5)

  level: error
  timestamp: 2025-10-23T16:22:49.979Z
  TypeError: Cannot destructure property 'value' of '(intermediate value)' as it is undefined.
    at <anonymous> (d:\seodev\develope\node\shop_svc\src\routes\api\get.ts:13:20)
    at process.processTicksAndRejections (node:internal/process/task_queues:95:5)

  level: error
  timestamp: 2025-10-23T16:22:49.979Z
2025-10-23T16:22:49.986Z [[32minfo[39m] 127.0.0.1 - - GET 500 /get/secret 10.064 ms
2025-10-23T16:23:02.765Z [[32minfo[39m] [shop][localhost:53306] DB Connection Success
2025-10-23T16:23:02.767Z [[32minfo[39m] litening on https://0.0.0.0:8080
2025-10-23T16:23:03.144Z [[31merror[39m] Cannot destructure property 'value' of '(intermediate value)' as it is undefined.
  TypeError: Cannot destructure property 'value' of '(intermediate value)' as it is undefined.
    at <anonymous> (d:\seodev\develope\node\shop_svc\src\routes\api\get.ts:13:20)
    at process.processTicksAndRejections (node:internal/process/task_queues:95:5)

  level: error
  timestamp: 2025-10-23T16:23:03.144Z
2025-10-23T16:23:03.144Z [[31merror[39m] Cannot destructure property 'value' of '(intermediate value)' as it is undefined.
  TypeError: Cannot destructure property 'value' of '(intermediate value)' as it is undefined.
    at <anonymous> (d:\seodev\develope\node\shop_svc\src\routes\api\get.ts:13:20)
    at process.processTicksAndRejections (node:internal/process/task_queues:95:5)

  level: error
  timestamp: 2025-10-23T16:23:03.144Z
  TypeError: Cannot destructure property 'value' of '(intermediate value)' as it is undefined.
    at <anonymous> (d:\seodev\develope\node\shop_svc\src\routes\api\get.ts:13:20)
    at process.processTicksAndRejections (node:internal/process/task_queues:95:5)

  level: error
  timestamp: 2025-10-23T16:23:03.144Z
2025-10-23T16:23:03.166Z [[32minfo[39m] 127.0.0.1 - - GET 500 /get/secret 23.759 ms
2025-10-23T16:23:15.512Z [[32minfo[39m] [shop][localhost:53306] DB Connection Success
2025-10-23T16:23:15.513Z [[32minfo[39m] litening on https://0.0.0.0:8080
2025-10-23T16:23:17.790Z [[32minfo[39m] [shop][localhost:53306] DB Connection Success
2025-10-23T16:23:17.792Z [[32minfo[39m] litening on https://0.0.0.0:8080
2025-10-23T16:23:45.682Z [[32minfo[39m] [shop][localhost:53306] DB Connection Success
2025-10-23T16:23:45.683Z [[32minfo[39m] litening on https://0.0.0.0:8080
2025-10-23T16:23:49.599Z [[31merror[39m] Cannot destructure property 'value' of '(intermediate value)' as it is undefined.
  TypeError: Cannot destructure property 'value' of '(intermediate value)' as it is undefined.
    at <anonymous> (d:\seodev\develope\node\shop_svc\src\routes\api\get.ts:13:20)
    at process.processTicksAndRejections (node:internal/process/task_queues:95:5)

  level: error
  timestamp: 2025-10-23T16:23:49.599Z
2025-10-23T16:23:49.599Z [[31merror[39m] Cannot destructure property 'value' of '(intermediate value)' as it is undefined.
  TypeError: Cannot destructure property 'value' of '(intermediate value)' as it is undefined.
    at <anonymous> (d:\seodev\develope\node\shop_svc\src\routes\api\get.ts:13:20)
    at process.processTicksAndRejections (node:internal/process/task_queues:95:5)

  level: error
  timestamp: 2025-10-23T16:23:49.599Z
  TypeError: Cannot destructure property 'value' of '(intermediate value)' as it is undefined.
    at <anonymous> (d:\seodev\develope\node\shop_svc\src\routes\api\get.ts:13:20)
    at process.processTicksAndRejections (node:internal/process/task_queues:95:5)

  level: error
  timestamp: 2025-10-23T16:23:49.599Z
2025-10-23T16:23:49.606Z [[32minfo[39m] 127.0.0.1 - - GET 500 /get/secret 9.058 ms
2025-10-23T16:23:52.934Z [[32minfo[39m] [shop][localhost:53306] DB Connection Success
2025-10-23T16:23:52.936Z [[32minfo[39m] litening on https://0.0.0.0:8080
2025-10-23T16:24:32.189Z [[32minfo[39m] [shop][localhost:53306] DB Connection Success
2025-10-23T16:24:32.191Z [[32minfo[39m] litening on https://0.0.0.0:8080
2025-10-23T16:24:37.778Z [[32minfo[39m] [shop][localhost:53306] DB Connection Success
2025-10-23T16:24:37.779Z [[32minfo[39m] litening on https://0.0.0.0:8080
2025-10-23T16:24:40.877Z [[32minfo[39m] [shop][localhost:53306] DB Connection Success
2025-10-23T16:24:40.879Z [[32minfo[39m] litening on https://0.0.0.0:8080
2025-10-23T16:24:45.264Z [[32minfo[39m] [shop][localhost:53306] DB Connection Success
2025-10-23T16:24:45.266Z [[32minfo[39m] litening on https://0.0.0.0:8080
2025-10-23T16:24:49.891Z [[32minfo[39m] [shop][localhost:53306] DB Connection Success
2025-10-23T16:24:49.892Z [[32minfo[39m] litening on https://0.0.0.0:8080
2025-10-23T16:25:13.537Z [[31merror[39m] undefined
2025-10-23T16:25:13.540Z [[31merror[39m] data is not defined
  ReferenceError: data is not defined
    at <anonymous> (d:\seodev\develope\node\shop_svc\src\routes\api\get.ts:22:37)
    at process.processTicksAndRejections (node:internal/process/task_queues:95:5)

  level: error
  timestamp: 2025-10-23T16:25:13.540Z
2025-10-23T16:25:13.540Z [[31merror[39m] data is not defined
  ReferenceError: data is not defined
    at <anonymous> (d:\seodev\develope\node\shop_svc\src\routes\api\get.ts:22:37)
    at process.processTicksAndRejections (node:internal/process/task_queues:95:5)

  level: error
  timestamp: 2025-10-23T16:25:13.540Z
  ReferenceError: data is not defined
    at <anonymous> (d:\seodev\develope\node\shop_svc\src\routes\api\get.ts:22:37)
    at process.processTicksAndRejections (node:internal/process/task_queues:95:5)

  level: error
  timestamp: 2025-10-23T16:25:13.540Z
2025-10-23T16:25:13.547Z [[31merror[39m] uncaughtException: Cannot set headers after they are sent to the client
Error [ERR_HTTP_HEADERS_SENT]: Cannot set headers after they are sent to the client
    at __node_internal_captureLargerStackTrace (node:internal/errors:496:5)
    at new NodeError (node:internal/errors:405:5)
    at ServerResponse.setHeader (node:_http_outgoing:648:11)
    at ServerResponse.header (D:\seodev\develope\node\shop_svc\node_modules\express\lib\response.js:794:10)
    at ServerResponse.send (D:\seodev\develope\node\shop_svc\node_modules\express\lib\response.js:174:12)
    at ServerResponse.json (D:\seodev\develope\node\shop_svc\node_modules\express\lib\response.js:278:15)
    at createResponse (d:\seodev\develope\node\shop_svc\src\lib\common.ts:155:28)
    at <anonymous> (d:\seodev\develope\node\shop_svc\src\routes\api\get.ts:25:5)
    at process.processTicksAndRejections (node:internal/process/task_queues:95:5)
2025-10-23T16:25:13.549Z [[32minfo[39m] 127.0.0.1 - - GET 500 /get/secret 6.298 ms
2025-10-23T16:25:34.139Z [[32minfo[39m] [shop][localhost:53306] DB Connection Success
2025-10-23T16:25:34.141Z [[32minfo[39m] litening on https://0.0.0.0:8080
2025-10-23T16:26:10.701Z [[32minfo[39m] [shop][localhost:53306] DB Connection Success
2025-10-23T16:26:10.703Z [[32minfo[39m] litening on https://0.0.0.0:8080
2025-10-23T16:26:12.033Z [[32minfo[39m] [shop][localhost:53306] DB Connection Success
2025-10-23T16:26:12.035Z [[32minfo[39m] litening on https://0.0.0.0:8080
2025-10-23T16:26:14.909Z [[31merror[39m] undefined
2025-10-23T16:26:14.912Z [[31merror[39m] data is not defined
  ReferenceError: data is not defined
    at <anonymous> (d:\seodev\develope\node\shop_svc\src\routes\api\get.ts:22:37)
    at process.processTicksAndRejections (node:internal/process/task_queues:95:5)

  level: error
  timestamp: 2025-10-23T16:26:14.912Z
2025-10-23T16:26:14.912Z [[31merror[39m] data is not defined
  ReferenceError: data is not defined
    at <anonymous> (d:\seodev\develope\node\shop_svc\src\routes\api\get.ts:22:37)
    at process.processTicksAndRejections (node:internal/process/task_queues:95:5)

  level: error
  timestamp: 2025-10-23T16:26:14.912Z
  ReferenceError: data is not defined
    at <anonymous> (d:\seodev\develope\node\shop_svc\src\routes\api\get.ts:22:37)
    at process.processTicksAndRejections (node:internal/process/task_queues:95:5)

  level: error
  timestamp: 2025-10-23T16:26:14.912Z
2025-10-23T16:26:14.918Z [[31merror[39m] uncaughtException: Cannot set headers after they are sent to the client
Error [ERR_HTTP_HEADERS_SENT]: Cannot set headers after they are sent to the client
    at __node_internal_captureLargerStackTrace (node:internal/errors:496:5)
    at new NodeError (node:internal/errors:405:5)
    at ServerResponse.setHeader (node:_http_outgoing:648:11)
    at ServerResponse.header (D:\seodev\develope\node\shop_svc\node_modules\express\lib\response.js:794:10)
    at ServerResponse.send (D:\seodev\develope\node\shop_svc\node_modules\express\lib\response.js:174:12)
    at ServerResponse.json (D:\seodev\develope\node\shop_svc\node_modules\express\lib\response.js:278:15)
    at createResponse (d:\seodev\develope\node\shop_svc\src\lib\common.ts:151:28)
    at <anonymous> (d:\seodev\develope\node\shop_svc\src\routes\api\get.ts:25:5)
    at process.processTicksAndRejections (node:internal/process/task_queues:95:5)
2025-10-23T16:26:14.919Z [[32minfo[39m] 127.0.0.1 - - GET 500 /get/secret 5.250 ms
2025-10-23T16:26:38.404Z [[32minfo[39m] [shop][localhost:53306] DB Connection Success
2025-10-23T16:26:38.405Z [[32minfo[39m] litening on https://0.0.0.0:8080
2025-10-23T16:26:47.623Z [[32minfo[39m] [shop][localhost:53306] DB Connection Success
2025-10-23T16:26:47.625Z [[32minfo[39m] litening on https://0.0.0.0:8080
2025-10-23T16:27:05.977Z [[32minfo[39m] [shop][localhost:53306] DB Connection Success
2025-10-23T16:27:05.979Z [[32minfo[39m] litening on https://0.0.0.0:8080
2025-10-23T16:27:10.077Z [[32minfo[39m] [shop][localhost:53306] DB Connection Success
2025-10-23T16:27:10.079Z [[32minfo[39m] litening on https://0.0.0.0:8080
2025-10-23T16:27:25.837Z [[32minfo[39m] [shop][localhost:53306] DB Connection Success
2025-10-23T16:27:25.839Z [[32minfo[39m] litening on https://0.0.0.0:8080
2025-10-23T16:27:38.722Z [[32minfo[39m] [shop][localhost:53306] DB Connection Success
2025-10-23T16:27:38.723Z [[32minfo[39m] litening on https://0.0.0.0:8080
2025-10-23T16:27:42.031Z [[32minfo[39m] [shop][localhost:53306] DB Connection Success
2025-10-23T16:27:42.032Z [[32minfo[39m] litening on https://0.0.0.0:8080
2025-10-23T16:27:57.722Z [[32minfo[39m] [shop][localhost:53306] DB Connection Success
2025-10-23T16:27:57.723Z [[32minfo[39m] litening on https://0.0.0.0:8080
2025-10-23T16:28:07.841Z [[32minfo[39m] [shop][localhost:53306] DB Connection Success
2025-10-23T16:28:07.843Z [[32minfo[39m] litening on https://0.0.0.0:8080
2025-10-23T16:28:15.067Z [[32minfo[39m] [shop][localhost:53306] DB Connection Success
2025-10-23T16:28:15.069Z [[32minfo[39m] litening on https://0.0.0.0:8080
2025-10-23T16:28:36.373Z [[32minfo[39m] [shop][localhost:53306] DB Connection Success
2025-10-23T16:28:36.377Z [[32minfo[39m] litening on https://0.0.0.0:8080
2025-10-23T16:28:41.650Z [[32minfo[39m] [shop][localhost:53306] DB Connection Success
2025-10-23T16:28:41.652Z [[32minfo[39m] litening on https://0.0.0.0:8080
2025-10-23T16:30:13.309Z [[32minfo[39m] [shop][localhost:53306] DB Connection Success
2025-10-23T16:30:13.311Z [[32minfo[39m] litening on https://0.0.0.0:8080
2025-10-23T16:32:50.338Z [[32minfo[39m] [shop][localhost:53306] DB Connection Success
2025-10-23T16:32:50.339Z [[32minfo[39m] litening on https://0.0.0.0:8080
2025-10-23T16:32:57.078Z [[32minfo[39m] [shop][localhost:53306] DB Connection Success
2025-10-23T16:32:57.079Z [[32minfo[39m] litening on https://0.0.0.0:8080
2025-10-23T16:32:59.825Z [[32minfo[39m] [shop][localhost:53306] DB Connection Success
2025-10-23T16:32:59.826Z [[32minfo[39m] litening on https://0.0.0.0:8080
2025-10-23T16:33:17.795Z [[32minfo[39m] [shop][localhost:53306] DB Connection Success
2025-10-23T16:33:17.796Z [[32minfo[39m] litening on https://0.0.0.0:8080
2025-10-23T16:34:27.074Z [[32minfo[39m] [shop][localhost:53306] DB Connection Success
2025-10-23T16:34:27.075Z [[32minfo[39m] litening on https://0.0.0.0:8080
2025-10-23T16:34:59.799Z [[32minfo[39m] [shop][localhost:53306] DB Connection Success
2025-10-23T16:34:59.801Z [[32minfo[39m] litening on https://0.0.0.0:8080
2025-10-23T16:39:30.572Z [[32minfo[39m] [shop][localhost:53306] DB Connection Success
2025-10-23T16:39:30.574Z [[32minfo[39m] litening on https://0.0.0.0:8080
2025-10-23T16:39:55.502Z [[32minfo[39m] [shop][localhost:53306] DB Connection Success
2025-10-23T16:39:55.503Z [[32minfo[39m] litening on https://0.0.0.0:8080
2025-10-23T16:41:12.980Z [[32minfo[39m] [shop][localhost:53306] DB Connection Success
2025-10-23T16:41:12.982Z [[32minfo[39m] litening on https://0.0.0.0:8080
2025-10-23T16:41:17.248Z [[32minfo[39m] [shop][localhost:53306] DB Connection Success
2025-10-23T16:41:17.249Z [[32minfo[39m] litening on https://0.0.0.0:8080
2025-10-23T16:41:35.304Z [[32minfo[39m] [shop][localhost:53306] DB Connection Success
2025-10-23T16:41:35.306Z [[32minfo[39m] litening on https://0.0.0.0:8080
2025-10-23T16:41:42.754Z [[32minfo[39m] [shop][localhost:53306] DB Connection Success
2025-10-23T16:41:42.756Z [[32minfo[39m] litening on https://0.0.0.0:8080
2025-10-23T16:41:49.956Z [[32minfo[39m] [shop][localhost:53306] DB Connection Success
2025-10-23T16:41:49.958Z [[32minfo[39m] litening on https://0.0.0.0:8080
2025-10-23T16:41:54.806Z [[32minfo[39m] [shop][localhost:53306] DB Connection Success
2025-10-23T16:41:54.808Z [[32minfo[39m] litening on https://0.0.0.0:8080
2025-10-23T16:42:14.068Z [[32minfo[39m] [shop][localhost:53306] DB Connection Success
2025-10-23T16:42:14.070Z [[32minfo[39m] litening on https://0.0.0.0:8080
2025-10-23T16:42:21.939Z [[32minfo[39m] [shop][localhost:53306] DB Connection Success
2025-10-23T16:42:21.940Z [[32minfo[39m] litening on https://0.0.0.0:8080
2025-10-23T16:42:39.991Z [[32minfo[39m] [shop][localhost:53306] DB Connection Success
2025-10-23T16:42:39.993Z [[32minfo[39m] litening on https://0.0.0.0:8080
2025-10-23T16:43:16.247Z [[32minfo[39m] [shop][localhost:53306] DB Connection Success
2025-10-23T16:43:16.249Z [[32minfo[39m] litening on https://0.0.0.0:8080
2025-10-23T16:43:32.107Z [[32minfo[39m] [shop][localhost:53306] DB Connection Success
2025-10-23T16:43:32.108Z [[32minfo[39m] litening on https://0.0.0.0:8080
2025-10-23T16:43:42.391Z [[32minfo[39m] [shop][localhost:53306] DB Connection Success
2025-10-23T16:43:42.393Z [[32minfo[39m] litening on https://0.0.0.0:8080
2025-10-23T16:43:59.987Z [[32minfo[39m] [shop][localhost:53306] DB Connection Success
2025-10-23T16:43:59.988Z [[32minfo[39m] litening on https://0.0.0.0:8080
2025-10-23T16:44:19.118Z [[32minfo[39m] [shop][localhost:53306] DB Connection Success
2025-10-23T16:44:19.120Z [[32minfo[39m] litening on https://0.0.0.0:8080
2025-10-23T16:44:28.678Z [[32minfo[39m] [shop][localhost:53306] DB Connection Success
2025-10-23T16:44:28.680Z [[32minfo[39m] litening on https://0.0.0.0:8080
2025-10-23T16:44:35.772Z [[32minfo[39m] [shop][localhost:53306] DB Connection Success
2025-10-23T16:44:35.774Z [[32minfo[39m] litening on https://0.0.0.0:8080
2025-10-23T16:44:41.022Z [[32minfo[39m] [shop][localhost:53306] DB Connection Success
2025-10-23T16:44:41.024Z [[32minfo[39m] litening on https://0.0.0.0:8080
2025-10-23T16:44:50.616Z [[32minfo[39m] [shop][localhost:53306] DB Connection Success
2025-10-23T16:44:50.617Z [[32minfo[39m] litening on https://0.0.0.0:8080
2025-10-23T16:44:52.020Z [[32minfo[39m] [shop][localhost:53306] DB Connection Success
2025-10-23T16:44:52.022Z [[32minfo[39m] litening on https://0.0.0.0:8080
2025-10-23T16:44:53.984Z [[32minfo[39m] [shop][localhost:53306] DB Connection Success
2025-10-23T16:44:53.985Z [[32minfo[39m] litening on https://0.0.0.0:8080
2025-10-23T16:44:55.240Z [[32minfo[39m] [shop][localhost:53306] DB Connection Success
2025-10-23T16:44:55.241Z [[32minfo[39m] litening on https://0.0.0.0:8080
2025-10-23T16:45:03.998Z [[32minfo[39m] [shop][localhost:53306] DB Connection Success
2025-10-23T16:45:04.000Z [[32minfo[39m] litening on https://0.0.0.0:8080
2025-10-23T16:45:14.998Z [[32minfo[39m] [shop][localhost:53306] DB Connection Success
2025-10-23T16:45:15.000Z [[32minfo[39m] litening on https://0.0.0.0:8080
2025-10-23T16:45:35.873Z [[32minfo[39m] [shop][localhost:53306] DB Connection Success
2025-10-23T16:45:35.875Z [[32minfo[39m] litening on https://0.0.0.0:8080
2025-10-23T16:45:37.534Z [[32minfo[39m] [shop][localhost:53306] DB Connection Success
2025-10-23T16:45:37.535Z [[32minfo[39m] litening on https://0.0.0.0:8080
2025-10-23T16:45:48.071Z [[32minfo[39m] [shop][localhost:53306] DB Connection Success
2025-10-23T16:45:48.072Z [[32minfo[39m] litening on https://0.0.0.0:8080
2025-10-23T16:45:54.329Z [[32minfo[39m] [shop][localhost:53306] DB Connection Success
2025-10-23T16:45:54.330Z [[32minfo[39m] litening on https://0.0.0.0:8080
2025-10-23T16:45:57.801Z [[32minfo[39m] [shop][localhost:53306] DB Connection Success
2025-10-23T16:45:57.802Z [[32minfo[39m] litening on https://0.0.0.0:8080
2025-10-23T16:46:07.056Z [[32minfo[39m] [shop][localhost:53306] DB Connection Success
2025-10-23T16:46:07.057Z [[32minfo[39m] litening on https://0.0.0.0:8080
2025-10-23T16:46:12.046Z [[32minfo[39m] [shop][localhost:53306] DB Connection Success
2025-10-23T16:46:12.048Z [[32minfo[39m] litening on https://0.0.0.0:8080
2025-10-23T16:46:12.992Z [[32minfo[39m] [shop][localhost:53306] DB Connection Success
2025-10-23T16:46:12.994Z [[32minfo[39m] litening on https://0.0.0.0:8080
2025-10-23T16:46:23.039Z [[32minfo[39m] [shop][localhost:53306] DB Connection Success
2025-10-23T16:46:23.041Z [[32minfo[39m] litening on https://0.0.0.0:8080
2025-10-23T16:46:37.284Z [[32minfo[39m] [shop][localhost:53306] DB Connection Success
2025-10-23T16:46:37.286Z [[32minfo[39m] litening on https://0.0.0.0:8080
2025-10-23T16:46:56.568Z [[32minfo[39m] [shop][localhost:53306] DB Connection Success
2025-10-23T16:46:56.570Z [[32minfo[39m] litening on https://0.0.0.0:8080
2025-10-23T16:47:25.389Z [[32minfo[39m] [shop][localhost:53306] DB Connection Success
2025-10-23T16:47:25.390Z [[32minfo[39m] litening on https://0.0.0.0:8080
2025-10-23T16:47:30.184Z [[32minfo[39m] [shop][localhost:53306] DB Connection Success
2025-10-23T16:47:30.186Z [[32minfo[39m] litening on https://0.0.0.0:8080
2025-10-23T16:47:38.113Z [[32minfo[39m] [shop][localhost:53306] DB Connection Success
2025-10-23T16:47:38.115Z [[32minfo[39m] litening on https://0.0.0.0:8080
2025-10-23T16:47:41.096Z [[32minfo[39m] [shop][localhost:53306] DB Connection Success
2025-10-23T16:47:41.098Z [[32minfo[39m] litening on https://0.0.0.0:8080
2025-10-23T16:47:50.557Z [[32minfo[39m] 127.0.0.1 - - GET 500 /get/secret 4.864 ms
2025-10-23T16:47:55.701Z [[32minfo[39m] [shop][localhost:53306] DB Connection Success
2025-10-23T16:47:55.702Z [[32minfo[39m] litening on https://0.0.0.0:8080
2025-10-23T16:47:55.819Z [[32minfo[39m] 127.0.0.1 - - GET 200 /get/secret 4.179 ms
2025-10-23T16:48:08.124Z [[32minfo[39m] [shop][localhost:53306] DB Connection Success
2025-10-23T16:48:08.126Z [[32minfo[39m] litening on https://0.0.0.0:8080
2025-10-23T16:48:08.579Z [[32minfo[39m] 127.0.0.1 - - GET 200 /get/secret 4.125 ms
2025-10-23T16:48:19.413Z [[32minfo[39m] [shop][localhost:53306] DB Connection Success
2025-10-23T16:48:19.415Z [[32minfo[39m] litening on https://0.0.0.0:8080
2025-10-23T16:48:44.439Z [[32minfo[39m] 127.0.0.1 - - GET 400 /get/wish 2.976 ms
2025-10-23T16:49:24.966Z [[32minfo[39m] [shop][localhost:53306] DB Connection Success
2025-10-23T16:49:24.968Z [[32minfo[39m] litening on https://0.0.0.0:8080
2025-10-23T16:50:17.490Z [[32minfo[39m] [shop][localhost:53306] DB Connection Success
2025-10-23T16:50:17.491Z [[32minfo[39m] litening on https://0.0.0.0:8080
2025-10-23T16:51:07.637Z [[32minfo[39m] [shop][localhost:53306] DB Connection Success
2025-10-23T16:51:07.639Z [[32minfo[39m] litening on https://0.0.0.0:8080
2025-10-23T16:52:13.537Z [[32minfo[39m] [shop][localhost:53306] DB Connection Success
2025-10-23T16:52:13.539Z [[32minfo[39m] litening on https://0.0.0.0:8080
2025-10-23T16:52:53.893Z [[32minfo[39m] [shop][localhost:53306] DB Connection Success
2025-10-23T16:52:53.894Z [[32minfo[39m] litening on https://0.0.0.0:8080
2025-10-23T16:52:59.146Z [[32minfo[39m] [shop][localhost:53306] DB Connection Success
2025-10-23T16:52:59.147Z [[32minfo[39m] litening on https://0.0.0.0:8080
2025-10-23T16:52:59.918Z [[32minfo[39m] 127.0.0.1 - - GET 400 /get/wish 4.664 ms
2025-10-23T16:53:02.519Z [[32minfo[39m] 127.0.0.1 - - GET 304 /get/secret 2.686 ms
2025-10-23T16:53:06.989Z [[32minfo[39m] [shop][localhost:53306] DB Connection Success
2025-10-23T16:53:06.990Z [[32minfo[39m] litening on https://0.0.0.0:8080
2025-10-23T16:53:07.119Z [[32minfo[39m] 127.0.0.1 - - GET 404 /get/secret 5.127 ms
2025-10-23T16:53:17.598Z [[32minfo[39m] [shop][localhost:53306] DB Connection Success
2025-10-23T16:53:17.600Z [[32minfo[39m] litening on https://0.0.0.0:8080
2025-10-23T16:53:17.770Z [[32minfo[39m] 127.0.0.1 - - GET 500 /get/secret 4.035 ms
2025-10-23T16:53:44.056Z [[32minfo[39m] [shop][localhost:53306] DB Connection Success
2025-10-23T16:53:44.058Z [[32minfo[39m] litening on https://0.0.0.0:8080
2025-10-23T16:53:57.720Z [[32minfo[39m] [shop][localhost:53306] DB Connection Success
2025-10-23T16:53:57.722Z [[32minfo[39m] litening on https://0.0.0.0:8080
2025-10-23T16:54:07.383Z [[32minfo[39m] [shop][localhost:53306] DB Connection Success
2025-10-23T16:54:07.384Z [[32minfo[39m] litening on https://0.0.0.0:8080
2025-10-23T16:54:12.155Z [[32minfo[39m] [shop][localhost:53306] DB Connection Success
2025-10-23T16:54:12.156Z [[32minfo[39m] litening on https://0.0.0.0:8080
2025-10-23T16:54:27.281Z [[32minfo[39m] [shop][localhost:53306] DB Connection Success
2025-10-23T16:54:27.282Z [[32minfo[39m] litening on https://0.0.0.0:8080
2025-10-23T16:54:35.844Z [[32minfo[39m] [shop][localhost:53306] DB Connection Success
2025-10-23T16:54:35.845Z [[32minfo[39m] litening on https://0.0.0.0:8080
2025-10-23T16:54:44.112Z [[32minfo[39m] [shop][localhost:53306] DB Connection Success
2025-10-23T16:54:44.113Z [[32minfo[39m] litening on https://0.0.0.0:8080
2025-10-23T16:54:58.089Z [[32minfo[39m] [shop][localhost:53306] DB Connection Success
2025-10-23T16:54:58.090Z [[32minfo[39m] litening on https://0.0.0.0:8080
2025-10-23T16:55:01.847Z [[32minfo[39m] [shop][localhost:53306] DB Connection Success
2025-10-23T16:55:01.849Z [[32minfo[39m] litening on https://0.0.0.0:8080
2025-10-23T16:55:30.332Z [[32minfo[39m] [shop][localhost:53306] DB Connection Success
2025-10-23T16:55:30.334Z [[32minfo[39m] litening on https://0.0.0.0:8080
2025-10-23T16:55:42.892Z [[32minfo[39m] [shop][localhost:53306] DB Connection Success
2025-10-23T16:55:42.894Z [[32minfo[39m] litening on https://0.0.0.0:8080
2025-10-23T16:55:54.701Z [[32minfo[39m] [shop][localhost:53306] DB Connection Success
2025-10-23T16:55:54.702Z [[32minfo[39m] litening on https://0.0.0.0:8080
2025-10-23T16:56:34.523Z [[32minfo[39m] [shop][localhost:53306] DB Connection Success
2025-10-23T16:56:34.524Z [[32minfo[39m] litening on https://0.0.0.0:8080
2025-10-23T16:56:44.463Z [[32minfo[39m] [shop][localhost:53306] DB Connection Success
2025-10-23T16:56:44.464Z [[32minfo[39m] litening on https://0.0.0.0:8080
2025-10-23T16:57:09.202Z [[32minfo[39m] [shop][localhost:53306] DB Connection Success
2025-10-23T16:57:09.204Z [[32minfo[39m] litening on https://0.0.0.0:8080
2025-10-23T16:57:19.491Z [[32minfo[39m] [shop][localhost:53306] DB Connection Success
2025-10-23T16:57:19.493Z [[32minfo[39m] litening on https://0.0.0.0:8080
2025-10-23T16:57:29.854Z [[32minfo[39m] [shop][localhost:53306] DB Connection Success
2025-10-23T16:57:29.855Z [[32minfo[39m] litening on https://0.0.0.0:8080
2025-10-23T16:57:53.118Z [[32minfo[39m] [shop][localhost:53306] DB Connection Success
2025-10-23T16:57:53.119Z [[32minfo[39m] litening on https://0.0.0.0:8080
2025-10-23T16:58:32.859Z [[32minfo[39m] [shop][localhost:53306] DB Connection Success
2025-10-23T16:58:32.860Z [[32minfo[39m] litening on https://0.0.0.0:8080
2025-10-23T16:58:37.325Z [[32minfo[39m] [shop][localhost:53306] DB Connection Success
2025-10-23T16:58:37.327Z [[32minfo[39m] litening on https://0.0.0.0:8080
2025-10-23T16:58:46.288Z [[32minfo[39m] [shop][localhost:53306] DB Connection Success
2025-10-23T16:58:46.290Z [[32minfo[39m] litening on https://0.0.0.0:8080
2025-10-23T16:59:47.242Z [[32minfo[39m] [shop][localhost:53306] DB Connection Success
2025-10-23T16:59:47.243Z [[32minfo[39m] litening on https://0.0.0.0:8080
2025-10-23T16:59:50.300Z [[32minfo[39m] [shop][localhost:53306] DB Connection Success
2025-10-23T16:59:50.302Z [[32minfo[39m] litening on https://0.0.0.0:8080
2025-10-23T17:00:29.081Z [[32minfo[39m] [shop][localhost:53306] DB Connection Success
2025-10-23T17:00:29.082Z [[32minfo[39m] litening on https://0.0.0.0:8080
2025-10-23T17:01:02.516Z [[32minfo[39m] [shop][localhost:53306] DB Connection Success
2025-10-23T17:01:02.518Z [[32minfo[39m] litening on https://0.0.0.0:8080
2025-10-23T17:01:35.125Z [[32minfo[39m] [shop][localhost:53306] DB Connection Success
2025-10-23T17:01:35.127Z [[32minfo[39m] litening on https://0.0.0.0:8080
2025-10-23T17:02:37.345Z [[32minfo[39m] [shop][localhost:53306] DB Connection Success
2025-10-23T17:02:37.346Z [[32minfo[39m] litening on https://0.0.0.0:8080
2025-10-23T17:04:03.878Z [[32minfo[39m] [shop][localhost:53306] DB Connection Success
2025-10-23T17:04:03.880Z [[32minfo[39m] litening on https://0.0.0.0:8080
2025-10-23T17:05:08.198Z [[32minfo[39m] [shop][localhost:53306] DB Connection Success
2025-10-23T17:05:08.199Z [[32minfo[39m] litening on https://0.0.0.0:8080
2025-10-23T17:05:35.171Z [[32minfo[39m] [shop][localhost:53306] DB Connection Success
2025-10-23T17:05:35.172Z [[32minfo[39m] litening on https://0.0.0.0:8080
2025-10-23T17:06:01.460Z [[32minfo[39m] [shop][localhost:53306] DB Connection Success
2025-10-23T17:06:01.461Z [[32minfo[39m] litening on https://0.0.0.0:8080
2025-10-23T17:06:58.425Z [[32minfo[39m] [shop][localhost:53306] DB Connection Success
2025-10-23T17:06:58.426Z [[32minfo[39m] litening on https://0.0.0.0:8080
2025-10-23T17:07:05.350Z [[32minfo[39m] [shop][localhost:53306] DB Connection Success
2025-10-23T17:07:05.352Z [[32minfo[39m] litening on https://0.0.0.0:8080
2025-10-23T17:07:37.309Z [[31merror[39m] uncaughtException: Cannot find module '../../lib/query/email'
Require stack:
- D:\seodev\develope\node\shop_svc\src\routes\mail\mail.js
- D:\seodev\develope\node\shop_svc\src\routes\api\post.js
- D:\seodev\develope\node\shop_svc\src\server.ts
Error: Cannot find module '../../lib/query/email'
Require stack:
- D:\seodev\develope\node\shop_svc\src\routes\mail\mail.js
- D:\seodev\develope\node\shop_svc\src\routes\api\post.js
- D:\seodev\develope\node\shop_svc\src\server.ts
    at Module._resolveFilename (node:internal/modules/cjs/loader:1077:15)
    at nextResolveSimple (C:\Users\black\AppData\Local\npm-cache\_npx\fd45a72a545557e9\node_modules\tsx\dist\register-D46fvsV_.cjs:4:1004)
    at C:\Users\black\AppData\Local\npm-cache\_npx\fd45a72a545557e9\node_modules\tsx\dist\register-D46fvsV_.cjs:3:2630
    at C:\Users\black\AppData\Local\npm-cache\_npx\fd45a72a545557e9\node_modules\tsx\dist\register-D46fvsV_.cjs:3:1542
    at resolveTsPaths (C:\Users\black\AppData\Local\npm-cache\_npx\fd45a72a545557e9\node_modules\tsx\dist\register-D46fvsV_.cjs:4:760)
    at Function._resolveFilename (C:\Users\black\AppData\Local\npm-cache\_npx\fd45a72a545557e9\node_modules\tsx\dist\register-D46fvsV_.cjs:4:1102)
    at Module._load (node:internal/modules/cjs/loader:922:27)
    at Module.require (node:internal/modules/cjs/loader:1143:19)
    at require (node:internal/modules/cjs/helpers:110:18)
    at Object.<anonymous> (D:\seodev\develope\node\shop_svc\src\routes\mail\mail.js:7:5)
2025-10-23T17:08:50.364Z [[31merror[39m] uncaughtException: Cannot find module '../../lib/query/email'
Require stack:
- D:\seodev\develope\node\shop_svc\src\routes\mail\mail.js
- D:\seodev\develope\node\shop_svc\src\routes\api\post.js
- D:\seodev\develope\node\shop_svc\src\server.ts
Error: Cannot find module '../../lib/query/email'
Require stack:
- D:\seodev\develope\node\shop_svc\src\routes\mail\mail.js
- D:\seodev\develope\node\shop_svc\src\routes\api\post.js
- D:\seodev\develope\node\shop_svc\src\server.ts
    at Module._resolveFilename (node:internal/modules/cjs/loader:1077:15)
    at nextResolveSimple (C:\Users\black\AppData\Local\npm-cache\_npx\fd45a72a545557e9\node_modules\tsx\dist\register-D46fvsV_.cjs:4:1004)
    at C:\Users\black\AppData\Local\npm-cache\_npx\fd45a72a545557e9\node_modules\tsx\dist\register-D46fvsV_.cjs:3:2630
    at C:\Users\black\AppData\Local\npm-cache\_npx\fd45a72a545557e9\node_modules\tsx\dist\register-D46fvsV_.cjs:3:1542
    at resolveTsPaths (C:\Users\black\AppData\Local\npm-cache\_npx\fd45a72a545557e9\node_modules\tsx\dist\register-D46fvsV_.cjs:4:760)
    at Function._resolveFilename (C:\Users\black\AppData\Local\npm-cache\_npx\fd45a72a545557e9\node_modules\tsx\dist\register-D46fvsV_.cjs:4:1102)
    at Module._load (node:internal/modules/cjs/loader:922:27)
    at Module.require (node:internal/modules/cjs/loader:1143:19)
    at require (node:internal/modules/cjs/helpers:110:18)
    at Object.<anonymous> (D:\seodev\develope\node\shop_svc\src\routes\mail\mail.js:7:5)
2025-10-23T17:08:59.123Z [[31merror[39m] uncaughtException: Cannot find module '../../lib/query/email'
Require stack:
- D:\seodev\develope\node\shop_svc\src\routes\mail\mail.js
- D:\seodev\develope\node\shop_svc\src\routes\api\post.js
- D:\seodev\develope\node\shop_svc\src\server.ts
Error: Cannot find module '../../lib/query/email'
Require stack:
- D:\seodev\develope\node\shop_svc\src\routes\mail\mail.js
- D:\seodev\develope\node\shop_svc\src\routes\api\post.js
- D:\seodev\develope\node\shop_svc\src\server.ts
    at Module._resolveFilename (node:internal/modules/cjs/loader:1077:15)
    at nextResolveSimple (C:\Users\black\AppData\Local\npm-cache\_npx\fd45a72a545557e9\node_modules\tsx\dist\register-D46fvsV_.cjs:4:1004)
    at C:\Users\black\AppData\Local\npm-cache\_npx\fd45a72a545557e9\node_modules\tsx\dist\register-D46fvsV_.cjs:3:2630
    at C:\Users\black\AppData\Local\npm-cache\_npx\fd45a72a545557e9\node_modules\tsx\dist\register-D46fvsV_.cjs:3:1542
    at resolveTsPaths (C:\Users\black\AppData\Local\npm-cache\_npx\fd45a72a545557e9\node_modules\tsx\dist\register-D46fvsV_.cjs:4:760)
    at Function._resolveFilename (C:\Users\black\AppData\Local\npm-cache\_npx\fd45a72a545557e9\node_modules\tsx\dist\register-D46fvsV_.cjs:4:1102)
    at Module._load (node:internal/modules/cjs/loader:922:27)
    at Module.require (node:internal/modules/cjs/loader:1143:19)
    at require (node:internal/modules/cjs/helpers:110:18)
    at Object.<anonymous> (D:\seodev\develope\node\shop_svc\src\routes\mail\mail.js:7:5)
2025-10-23T17:09:01.891Z [[31merror[39m] uncaughtException: Cannot find module '../../lib/query/email'
Require stack:
- D:\seodev\develope\node\shop_svc\src\routes\mail\mail.js
- D:\seodev\develope\node\shop_svc\src\routes\api\post.js
- D:\seodev\develope\node\shop_svc\src\server.ts
Error: Cannot find module '../../lib/query/email'
Require stack:
- D:\seodev\develope\node\shop_svc\src\routes\mail\mail.js
- D:\seodev\develope\node\shop_svc\src\routes\api\post.js
- D:\seodev\develope\node\shop_svc\src\server.ts
    at Module._resolveFilename (node:internal/modules/cjs/loader:1077:15)
    at nextResolveSimple (C:\Users\black\AppData\Local\npm-cache\_npx\fd45a72a545557e9\node_modules\tsx\dist\register-D46fvsV_.cjs:4:1004)
    at C:\Users\black\AppData\Local\npm-cache\_npx\fd45a72a545557e9\node_modules\tsx\dist\register-D46fvsV_.cjs:3:2630
    at C:\Users\black\AppData\Local\npm-cache\_npx\fd45a72a545557e9\node_modules\tsx\dist\register-D46fvsV_.cjs:3:1542
    at resolveTsPaths (C:\Users\black\AppData\Local\npm-cache\_npx\fd45a72a545557e9\node_modules\tsx\dist\register-D46fvsV_.cjs:4:760)
    at Function._resolveFilename (C:\Users\black\AppData\Local\npm-cache\_npx\fd45a72a545557e9\node_modules\tsx\dist\register-D46fvsV_.cjs:4:1102)
    at Module._load (node:internal/modules/cjs/loader:922:27)
    at Module.require (node:internal/modules/cjs/loader:1143:19)
    at require (node:internal/modules/cjs/helpers:110:18)
    at Object.<anonymous> (D:\seodev\develope\node\shop_svc\src\routes\mail\mail.js:7:5)
2025-10-23T17:11:18.794Z [[31merror[39m] uncaughtException: Cannot find module '../../lib/query/email'
Require stack:
- D:\seodev\develope\node\shop_svc\src\routes\mail\mail.js
- D:\seodev\develope\node\shop_svc\src\routes\api\post.js
- D:\seodev\develope\node\shop_svc\src\server.ts
Error: Cannot find module '../../lib/query/email'
Require stack:
- D:\seodev\develope\node\shop_svc\src\routes\mail\mail.js
- D:\seodev\develope\node\shop_svc\src\routes\api\post.js
- D:\seodev\develope\node\shop_svc\src\server.ts
    at Module._resolveFilename (node:internal/modules/cjs/loader:1077:15)
    at nextResolveSimple (C:\Users\black\AppData\Local\npm-cache\_npx\fd45a72a545557e9\node_modules\tsx\dist\register-D46fvsV_.cjs:4:1004)
    at C:\Users\black\AppData\Local\npm-cache\_npx\fd45a72a545557e9\node_modules\tsx\dist\register-D46fvsV_.cjs:3:2630
    at C:\Users\black\AppData\Local\npm-cache\_npx\fd45a72a545557e9\node_modules\tsx\dist\register-D46fvsV_.cjs:3:1542
    at resolveTsPaths (C:\Users\black\AppData\Local\npm-cache\_npx\fd45a72a545557e9\node_modules\tsx\dist\register-D46fvsV_.cjs:4:760)
    at Function._resolveFilename (C:\Users\black\AppData\Local\npm-cache\_npx\fd45a72a545557e9\node_modules\tsx\dist\register-D46fvsV_.cjs:4:1102)
    at Module._load (node:internal/modules/cjs/loader:922:27)
    at Module.require (node:internal/modules/cjs/loader:1143:19)
    at require (node:internal/modules/cjs/helpers:110:18)
    at Object.<anonymous> (D:\seodev\develope\node\shop_svc\src\routes\mail\mail.js:7:5)
2025-10-23T17:11:27.172Z [[31merror[39m] uncaughtException: Cannot find module '../../lib/query/email'
Require stack:
- D:\seodev\develope\node\shop_svc\src\routes\mail\mail.js
- D:\seodev\develope\node\shop_svc\src\routes\api\post.ts
- D:\seodev\develope\node\shop_svc\src\server.ts
Error: Cannot find module '../../lib/query/email'
Require stack:
- D:\seodev\develope\node\shop_svc\src\routes\mail\mail.js
- D:\seodev\develope\node\shop_svc\src\routes\api\post.ts
- D:\seodev\develope\node\shop_svc\src\server.ts
    at Module._resolveFilename (node:internal/modules/cjs/loader:1077:15)
    at nextResolveSimple (C:\Users\black\AppData\Local\npm-cache\_npx\fd45a72a545557e9\node_modules\tsx\dist\register-D46fvsV_.cjs:4:1004)
    at C:\Users\black\AppData\Local\npm-cache\_npx\fd45a72a545557e9\node_modules\tsx\dist\register-D46fvsV_.cjs:3:2630
    at C:\Users\black\AppData\Local\npm-cache\_npx\fd45a72a545557e9\node_modules\tsx\dist\register-D46fvsV_.cjs:3:1542
    at resolveTsPaths (C:\Users\black\AppData\Local\npm-cache\_npx\fd45a72a545557e9\node_modules\tsx\dist\register-D46fvsV_.cjs:4:760)
    at Function._resolveFilename (C:\Users\black\AppData\Local\npm-cache\_npx\fd45a72a545557e9\node_modules\tsx\dist\register-D46fvsV_.cjs:4:1102)
    at Module._load (node:internal/modules/cjs/loader:922:27)
    at Module.require (node:internal/modules/cjs/loader:1143:19)
    at require (node:internal/modules/cjs/helpers:110:18)
    at Object.<anonymous> (D:\seodev\develope\node\shop_svc\src\routes\mail\mail.js:7:5)
2025-10-23T17:12:25.221Z [[31merror[39m] uncaughtException: Transform failed with 1 error:
D:\seodev\develope\node\shop_svc\src\routes\api\post.ts:11:48: ERROR: Expected ")" but found "("
Error: Transform failed with 1 error:
D:\seodev\develope\node\shop_svc\src\routes\api\post.ts:11:48: ERROR: Expected ")" but found "("
    at failureErrorWithLog (C:\Users\black\AppData\Local\npm-cache\_npx\fd45a72a545557e9\node_modules\esbuild\lib\main.js:1467:15)
    at C:\Users\black\AppData\Local\npm-cache\_npx\fd45a72a545557e9\node_modules\esbuild\lib\main.js:736:50
    at responseCallbacks.<computed> (C:\Users\black\AppData\Local\npm-cache\_npx\fd45a72a545557e9\node_modules\esbuild\lib\main.js:603:9)
    at handleIncomingPacket (C:\Users\black\AppData\Local\npm-cache\_npx\fd45a72a545557e9\node_modules\esbuild\lib\main.js:658:12)
    at Socket.readFromStdout (C:\Users\black\AppData\Local\npm-cache\_npx\fd45a72a545557e9\node_modules\esbuild\lib\main.js:581:7)
    at Socket.emit (node:events:514:28)
    at addChunk (node:internal/streams/readable:324:12)
    at readableAddChunk (node:internal/streams/readable:297:9)
    at Readable.push (node:internal/streams/readable:234:10)
    at Pipe.onStreamRead (node:internal/stream_base_commons:190:23)
2025-10-23T17:12:39.110Z [[31merror[39m] uncaughtException: Cannot find module '../../lib/query/email'
Require stack:
- D:\seodev\develope\node\shop_svc\src\routes\mail\mail.js
- D:\seodev\develope\node\shop_svc\src\routes\api\post.ts
- D:\seodev\develope\node\shop_svc\src\server.ts
Error: Cannot find module '../../lib/query/email'
Require stack:
- D:\seodev\develope\node\shop_svc\src\routes\mail\mail.js
- D:\seodev\develope\node\shop_svc\src\routes\api\post.ts
- D:\seodev\develope\node\shop_svc\src\server.ts
    at Module._resolveFilename (node:internal/modules/cjs/loader:1077:15)
    at nextResolveSimple (C:\Users\black\AppData\Local\npm-cache\_npx\fd45a72a545557e9\node_modules\tsx\dist\register-D46fvsV_.cjs:4:1004)
    at C:\Users\black\AppData\Local\npm-cache\_npx\fd45a72a545557e9\node_modules\tsx\dist\register-D46fvsV_.cjs:3:2630
    at C:\Users\black\AppData\Local\npm-cache\_npx\fd45a72a545557e9\node_modules\tsx\dist\register-D46fvsV_.cjs:3:1542
    at resolveTsPaths (C:\Users\black\AppData\Local\npm-cache\_npx\fd45a72a545557e9\node_modules\tsx\dist\register-D46fvsV_.cjs:4:760)
    at Function._resolveFilename (C:\Users\black\AppData\Local\npm-cache\_npx\fd45a72a545557e9\node_modules\tsx\dist\register-D46fvsV_.cjs:4:1102)
    at Module._load (node:internal/modules/cjs/loader:922:27)
    at Module.require (node:internal/modules/cjs/loader:1143:19)
    at require (node:internal/modules/cjs/helpers:110:18)
    at Object.<anonymous> (D:\seodev\develope\node\shop_svc\src\routes\mail\mail.js:7:5)
2025-10-23T17:13:06.758Z [[31merror[39m] uncaughtException: Cannot find module '../../lib/query/email'
Require stack:
- D:\seodev\develope\node\shop_svc\src\routes\mail\mail.js
- D:\seodev\develope\node\shop_svc\src\routes\api\post.ts
- D:\seodev\develope\node\shop_svc\src\server.ts
Error: Cannot find module '../../lib/query/email'
Require stack:
- D:\seodev\develope\node\shop_svc\src\routes\mail\mail.js
- D:\seodev\develope\node\shop_svc\src\routes\api\post.ts
- D:\seodev\develope\node\shop_svc\src\server.ts
    at Module._resolveFilename (node:internal/modules/cjs/loader:1077:15)
    at nextResolveSimple (C:\Users\black\AppData\Local\npm-cache\_npx\fd45a72a545557e9\node_modules\tsx\dist\register-D46fvsV_.cjs:4:1004)
    at C:\Users\black\AppData\Local\npm-cache\_npx\fd45a72a545557e9\node_modules\tsx\dist\register-D46fvsV_.cjs:3:2630
    at C:\Users\black\AppData\Local\npm-cache\_npx\fd45a72a545557e9\node_modules\tsx\dist\register-D46fvsV_.cjs:3:1542
    at resolveTsPaths (C:\Users\black\AppData\Local\npm-cache\_npx\fd45a72a545557e9\node_modules\tsx\dist\register-D46fvsV_.cjs:4:760)
    at Function._resolveFilename (C:\Users\black\AppData\Local\npm-cache\_npx\fd45a72a545557e9\node_modules\tsx\dist\register-D46fvsV_.cjs:4:1102)
    at Module._load (node:internal/modules/cjs/loader:922:27)
    at Module.require (node:internal/modules/cjs/loader:1143:19)
    at require (node:internal/modules/cjs/helpers:110:18)
    at Object.<anonymous> (D:\seodev\develope\node\shop_svc\src\routes\mail\mail.js:7:5)
2025-10-23T17:18:03.682Z [[31merror[39m] uncaughtException: Cannot find module '../../lib/query/email'
Require stack:
- D:\seodev\develope\node\shop_svc\src\routes\mail\mail.js
- D:\seodev\develope\node\shop_svc\src\routes\api\post.ts
- D:\seodev\develope\node\shop_svc\src\server.ts
Error: Cannot find module '../../lib/query/email'
Require stack:
- D:\seodev\develope\node\shop_svc\src\routes\mail\mail.js
- D:\seodev\develope\node\shop_svc\src\routes\api\post.ts
- D:\seodev\develope\node\shop_svc\src\server.ts
    at Module._resolveFilename (node:internal/modules/cjs/loader:1077:15)
    at nextResolveSimple (C:\Users\black\AppData\Local\npm-cache\_npx\fd45a72a545557e9\node_modules\tsx\dist\register-D46fvsV_.cjs:4:1004)
    at C:\Users\black\AppData\Local\npm-cache\_npx\fd45a72a545557e9\node_modules\tsx\dist\register-D46fvsV_.cjs:3:2630
    at C:\Users\black\AppData\Local\npm-cache\_npx\fd45a72a545557e9\node_modules\tsx\dist\register-D46fvsV_.cjs:3:1542
    at resolveTsPaths (C:\Users\black\AppData\Local\npm-cache\_npx\fd45a72a545557e9\node_modules\tsx\dist\register-D46fvsV_.cjs:4:760)
    at Function._resolveFilename (C:\Users\black\AppData\Local\npm-cache\_npx\fd45a72a545557e9\node_modules\tsx\dist\register-D46fvsV_.cjs:4:1102)
    at Module._load (node:internal/modules/cjs/loader:922:27)
    at Module.require (node:internal/modules/cjs/loader:1143:19)
    at require (node:internal/modules/cjs/helpers:110:18)
    at Object.<anonymous> (D:\seodev\develope\node\shop_svc\src\routes\mail\mail.js:7:5)
2025-10-23T17:18:05.359Z [[31merror[39m] uncaughtException: Cannot find module '../../lib/query/email'
Require stack:
- D:\seodev\develope\node\shop_svc\src\routes\mail\mail.js
- D:\seodev\develope\node\shop_svc\src\routes\api\post.ts
- D:\seodev\develope\node\shop_svc\src\server.ts
Error: Cannot find module '../../lib/query/email'
Require stack:
- D:\seodev\develope\node\shop_svc\src\routes\mail\mail.js
- D:\seodev\develope\node\shop_svc\src\routes\api\post.ts
- D:\seodev\develope\node\shop_svc\src\server.ts
    at Module._resolveFilename (node:internal/modules/cjs/loader:1077:15)
    at nextResolveSimple (C:\Users\black\AppData\Local\npm-cache\_npx\fd45a72a545557e9\node_modules\tsx\dist\register-D46fvsV_.cjs:4:1004)
    at C:\Users\black\AppData\Local\npm-cache\_npx\fd45a72a545557e9\node_modules\tsx\dist\register-D46fvsV_.cjs:3:2630
    at C:\Users\black\AppData\Local\npm-cache\_npx\fd45a72a545557e9\node_modules\tsx\dist\register-D46fvsV_.cjs:3:1542
    at resolveTsPaths (C:\Users\black\AppData\Local\npm-cache\_npx\fd45a72a545557e9\node_modules\tsx\dist\register-D46fvsV_.cjs:4:760)
    at Function._resolveFilename (C:\Users\black\AppData\Local\npm-cache\_npx\fd45a72a545557e9\node_modules\tsx\dist\register-D46fvsV_.cjs:4:1102)
    at Module._load (node:internal/modules/cjs/loader:922:27)
    at Module.require (node:internal/modules/cjs/loader:1143:19)
    at require (node:internal/modules/cjs/helpers:110:18)
    at Object.<anonymous> (D:\seodev\develope\node\shop_svc\src\routes\mail\mail.js:7:5)
2025-10-23T17:20:56.001Z [[31merror[39m] uncaughtException: Cannot find module '@/lib/query/oauth'
Require stack:
- D:\seodev\develope\node\shop_svc\src\routes\api\get.ts
- D:\seodev\develope\node\shop_svc\src\server.ts
Error: Cannot find module '@/lib/query/oauth'
Require stack:
- D:\seodev\develope\node\shop_svc\src\routes\api\get.ts
- D:\seodev\develope\node\shop_svc\src\server.ts
    at Module._resolveFilename (node:internal/modules/cjs/loader:1077:15)
    at nextResolveSimple (C:\Users\black\AppData\Local\npm-cache\_npx\fd45a72a545557e9\node_modules\tsx\dist\register-D46fvsV_.cjs:4:1004)
    at C:\Users\black\AppData\Local\npm-cache\_npx\fd45a72a545557e9\node_modules\tsx\dist\register-D46fvsV_.cjs:3:2630
    at C:\Users\black\AppData\Local\npm-cache\_npx\fd45a72a545557e9\node_modules\tsx\dist\register-D46fvsV_.cjs:3:1542
    at resolveTsPaths (C:\Users\black\AppData\Local\npm-cache\_npx\fd45a72a545557e9\node_modules\tsx\dist\register-D46fvsV_.cjs:4:760)
    at Function._resolveFilename (C:\Users\black\AppData\Local\npm-cache\_npx\fd45a72a545557e9\node_modules\tsx\dist\register-D46fvsV_.cjs:4:1102)
    at Module._load (node:internal/modules/cjs/loader:922:27)
    at Module.require (node:internal/modules/cjs/loader:1143:19)
    at require (node:internal/modules/cjs/helpers:110:18)
    at <anonymous> (d:\seodev\develope\node\shop_svc\src\routes\api\get.ts:3:33)
2025-10-23T17:20:57.347Z [[31merror[39m] uncaughtException: Cannot find module '@/lib/query/oauth'
Require stack:
- D:\seodev\develope\node\shop_svc\src\routes\api\get.ts
- D:\seodev\develope\node\shop_svc\src\server.ts
Error: Cannot find module '@/lib/query/oauth'
Require stack:
- D:\seodev\develope\node\shop_svc\src\routes\api\get.ts
- D:\seodev\develope\node\shop_svc\src\server.ts
    at Module._resolveFilename (node:internal/modules/cjs/loader:1077:15)
    at nextResolveSimple (C:\Users\black\AppData\Local\npm-cache\_npx\fd45a72a545557e9\node_modules\tsx\dist\register-D46fvsV_.cjs:4:1004)
    at C:\Users\black\AppData\Local\npm-cache\_npx\fd45a72a545557e9\node_modules\tsx\dist\register-D46fvsV_.cjs:3:2630
    at C:\Users\black\AppData\Local\npm-cache\_npx\fd45a72a545557e9\node_modules\tsx\dist\register-D46fvsV_.cjs:3:1542
    at resolveTsPaths (C:\Users\black\AppData\Local\npm-cache\_npx\fd45a72a545557e9\node_modules\tsx\dist\register-D46fvsV_.cjs:4:760)
    at Function._resolveFilename (C:\Users\black\AppData\Local\npm-cache\_npx\fd45a72a545557e9\node_modules\tsx\dist\register-D46fvsV_.cjs:4:1102)
    at Module._load (node:internal/modules/cjs/loader:922:27)
    at Module.require (node:internal/modules/cjs/loader:1143:19)
    at require (node:internal/modules/cjs/helpers:110:18)
    at <anonymous> (d:\seodev\develope\node\shop_svc\src\routes\api\get.ts:3:33)
2025-10-23T17:21:56.128Z [[31merror[39m] uncaughtException: Cannot find module '@/lib/query/oauth'
Require stack:
- D:\seodev\develope\node\shop_svc\src\routes\api\get.ts
- D:\seodev\develope\node\shop_svc\src\server.ts
Error: Cannot find module '@/lib/query/oauth'
Require stack:
- D:\seodev\develope\node\shop_svc\src\routes\api\get.ts
- D:\seodev\develope\node\shop_svc\src\server.ts
    at Module._resolveFilename (node:internal/modules/cjs/loader:1077:15)
    at nextResolveSimple (C:\Users\black\AppData\Local\npm-cache\_npx\fd45a72a545557e9\node_modules\tsx\dist\register-D46fvsV_.cjs:4:1004)
    at C:\Users\black\AppData\Local\npm-cache\_npx\fd45a72a545557e9\node_modules\tsx\dist\register-D46fvsV_.cjs:3:2630
    at C:\Users\black\AppData\Local\npm-cache\_npx\fd45a72a545557e9\node_modules\tsx\dist\register-D46fvsV_.cjs:3:1542
    at resolveTsPaths (C:\Users\black\AppData\Local\npm-cache\_npx\fd45a72a545557e9\node_modules\tsx\dist\register-D46fvsV_.cjs:4:760)
    at Function._resolveFilename (C:\Users\black\AppData\Local\npm-cache\_npx\fd45a72a545557e9\node_modules\tsx\dist\register-D46fvsV_.cjs:4:1102)
    at Module._load (node:internal/modules/cjs/loader:922:27)
    at Module.require (node:internal/modules/cjs/loader:1143:19)
    at require (node:internal/modules/cjs/helpers:110:18)
    at <anonymous> (d:\seodev\develope\node\shop_svc\src\routes\api\get.ts:3:33)
2025-10-23T17:22:12.067Z [[31merror[39m] uncaughtException: Cannot find module '../../lib/query/my'
Require stack:
- D:\seodev\develope\node\shop_svc\src\routes\my\getMy.js
- D:\seodev\develope\node\shop_svc\src\routes\api\get.ts
- D:\seodev\develope\node\shop_svc\src\server.ts
Error: Cannot find module '../../lib/query/my'
Require stack:
- D:\seodev\develope\node\shop_svc\src\routes\my\getMy.js
- D:\seodev\develope\node\shop_svc\src\routes\api\get.ts
- D:\seodev\develope\node\shop_svc\src\server.ts
    at Module._resolveFilename (node:internal/modules/cjs/loader:1077:15)
    at nextResolveSimple (C:\Users\black\AppData\Local\npm-cache\_npx\fd45a72a545557e9\node_modules\tsx\dist\register-D46fvsV_.cjs:4:1004)
    at C:\Users\black\AppData\Local\npm-cache\_npx\fd45a72a545557e9\node_modules\tsx\dist\register-D46fvsV_.cjs:3:2630
    at C:\Users\black\AppData\Local\npm-cache\_npx\fd45a72a545557e9\node_modules\tsx\dist\register-D46fvsV_.cjs:3:1542
    at resolveTsPaths (C:\Users\black\AppData\Local\npm-cache\_npx\fd45a72a545557e9\node_modules\tsx\dist\register-D46fvsV_.cjs:4:760)
    at Function._resolveFilename (C:\Users\black\AppData\Local\npm-cache\_npx\fd45a72a545557e9\node_modules\tsx\dist\register-D46fvsV_.cjs:4:1102)
    at Module._load (node:internal/modules/cjs/loader:922:27)
    at Module.require (node:internal/modules/cjs/loader:1143:19)
    at require (node:internal/modules/cjs/helpers:110:18)
    at Object.<anonymous> (D:\seodev\develope\node\shop_svc\src\routes\my\getMy.js:11:5)
2025-10-23T17:55:55.047Z [[31merror[39m] uncaughtException: Cannot find module '../../lib/query/my'
Require stack:
- D:\seodev\develope\node\shop_svc\src\routes\my\getMy.js
- D:\seodev\develope\node\shop_svc\src\routes\api\get.ts
- D:\seodev\develope\node\shop_svc\src\server.ts
Error: Cannot find module '../../lib/query/my'
Require stack:
- D:\seodev\develope\node\shop_svc\src\routes\my\getMy.js
- D:\seodev\develope\node\shop_svc\src\routes\api\get.ts
- D:\seodev\develope\node\shop_svc\src\server.ts
    at Module._resolveFilename (node:internal/modules/cjs/loader:1077:15)
    at nextResolveSimple (C:\Users\black\AppData\Local\npm-cache\_npx\fd45a72a545557e9\node_modules\tsx\dist\register-D46fvsV_.cjs:4:1004)
    at C:\Users\black\AppData\Local\npm-cache\_npx\fd45a72a545557e9\node_modules\tsx\dist\register-D46fvsV_.cjs:3:2630
    at C:\Users\black\AppData\Local\npm-cache\_npx\fd45a72a545557e9\node_modules\tsx\dist\register-D46fvsV_.cjs:3:1542
    at resolveTsPaths (C:\Users\black\AppData\Local\npm-cache\_npx\fd45a72a545557e9\node_modules\tsx\dist\register-D46fvsV_.cjs:4:760)
    at Function._resolveFilename (C:\Users\black\AppData\Local\npm-cache\_npx\fd45a72a545557e9\node_modules\tsx\dist\register-D46fvsV_.cjs:4:1102)
    at Module._load (node:internal/modules/cjs/loader:922:27)
    at Module.require (node:internal/modules/cjs/loader:1143:19)
    at require (node:internal/modules/cjs/helpers:110:18)
    at Object.<anonymous> (D:\seodev\develope\node\shop_svc\src\routes\my\getMy.js:11:5)
2025-10-23T17:55:58.089Z [[31merror[39m] uncaughtException: Cannot find module '../../lib/query/my'
Require stack:
- D:\seodev\develope\node\shop_svc\src\routes\my\getMy.js
- D:\seodev\develope\node\shop_svc\src\routes\api\get.ts
- D:\seodev\develope\node\shop_svc\src\server.ts
Error: Cannot find module '../../lib/query/my'
Require stack:
- D:\seodev\develope\node\shop_svc\src\routes\my\getMy.js
- D:\seodev\develope\node\shop_svc\src\routes\api\get.ts
- D:\seodev\develope\node\shop_svc\src\server.ts
    at Module._resolveFilename (node:internal/modules/cjs/loader:1077:15)
    at nextResolveSimple (C:\Users\black\AppData\Local\npm-cache\_npx\fd45a72a545557e9\node_modules\tsx\dist\register-D46fvsV_.cjs:4:1004)
    at C:\Users\black\AppData\Local\npm-cache\_npx\fd45a72a545557e9\node_modules\tsx\dist\register-D46fvsV_.cjs:3:2630
    at C:\Users\black\AppData\Local\npm-cache\_npx\fd45a72a545557e9\node_modules\tsx\dist\register-D46fvsV_.cjs:3:1542
    at resolveTsPaths (C:\Users\black\AppData\Local\npm-cache\_npx\fd45a72a545557e9\node_modules\tsx\dist\register-D46fvsV_.cjs:4:760)
    at Function._resolveFilename (C:\Users\black\AppData\Local\npm-cache\_npx\fd45a72a545557e9\node_modules\tsx\dist\register-D46fvsV_.cjs:4:1102)
    at Module._load (node:internal/modules/cjs/loader:922:27)
    at Module.require (node:internal/modules/cjs/loader:1143:19)
    at require (node:internal/modules/cjs/helpers:110:18)
    at Object.<anonymous> (D:\seodev\develope\node\shop_svc\src\routes\my\getMy.js:11:5)
2025-10-23T17:55:59.624Z [[31merror[39m] uncaughtException: Cannot find module '../../lib/query/my'
Require stack:
- D:\seodev\develope\node\shop_svc\src\routes\my\getMy.js
- D:\seodev\develope\node\shop_svc\src\routes\api\get.ts
- D:\seodev\develope\node\shop_svc\src\server.ts
Error: Cannot find module '../../lib/query/my'
Require stack:
- D:\seodev\develope\node\shop_svc\src\routes\my\getMy.js
- D:\seodev\develope\node\shop_svc\src\routes\api\get.ts
- D:\seodev\develope\node\shop_svc\src\server.ts
    at Module._resolveFilename (node:internal/modules/cjs/loader:1077:15)
    at nextResolveSimple (C:\Users\black\AppData\Local\npm-cache\_npx\fd45a72a545557e9\node_modules\tsx\dist\register-D46fvsV_.cjs:4:1004)
    at C:\Users\black\AppData\Local\npm-cache\_npx\fd45a72a545557e9\node_modules\tsx\dist\register-D46fvsV_.cjs:3:2630
    at C:\Users\black\AppData\Local\npm-cache\_npx\fd45a72a545557e9\node_modules\tsx\dist\register-D46fvsV_.cjs:3:1542
    at resolveTsPaths (C:\Users\black\AppData\Local\npm-cache\_npx\fd45a72a545557e9\node_modules\tsx\dist\register-D46fvsV_.cjs:4:760)
    at Function._resolveFilename (C:\Users\black\AppData\Local\npm-cache\_npx\fd45a72a545557e9\node_modules\tsx\dist\register-D46fvsV_.cjs:4:1102)
    at Module._load (node:internal/modules/cjs/loader:922:27)
    at Module.require (node:internal/modules/cjs/loader:1143:19)
    at require (node:internal/modules/cjs/helpers:110:18)
    at Object.<anonymous> (D:\seodev\develope\node\shop_svc\src\routes\my\getMy.js:11:5)
2025-10-23T18:02:03.816Z [[31merror[39m] uncaughtException: Cannot find module '../../lib/query/my'
Require stack:
- D:\seodev\develope\node\shop_svc\src\routes\my\getMy.js
- D:\seodev\develope\node\shop_svc\src\routes\api\get.ts
- D:\seodev\develope\node\shop_svc\src\server.ts
Error: Cannot find module '../../lib/query/my'
Require stack:
- D:\seodev\develope\node\shop_svc\src\routes\my\getMy.js
- D:\seodev\develope\node\shop_svc\src\routes\api\get.ts
- D:\seodev\develope\node\shop_svc\src\server.ts
    at Module._resolveFilename (node:internal/modules/cjs/loader:1077:15)
    at nextResolveSimple (C:\Users\black\AppData\Local\npm-cache\_npx\fd45a72a545557e9\node_modules\tsx\dist\register-D46fvsV_.cjs:4:1004)
    at C:\Users\black\AppData\Local\npm-cache\_npx\fd45a72a545557e9\node_modules\tsx\dist\register-D46fvsV_.cjs:3:2630
    at C:\Users\black\AppData\Local\npm-cache\_npx\fd45a72a545557e9\node_modules\tsx\dist\register-D46fvsV_.cjs:3:1542
    at resolveTsPaths (C:\Users\black\AppData\Local\npm-cache\_npx\fd45a72a545557e9\node_modules\tsx\dist\register-D46fvsV_.cjs:4:760)
    at Function._resolveFilename (C:\Users\black\AppData\Local\npm-cache\_npx\fd45a72a545557e9\node_modules\tsx\dist\register-D46fvsV_.cjs:4:1102)
    at Module._load (node:internal/modules/cjs/loader:922:27)
    at Module.require (node:internal/modules/cjs/loader:1143:19)
    at require (node:internal/modules/cjs/helpers:110:18)
    at Object.<anonymous> (D:\seodev\develope\node\shop_svc\src\routes\my\getMy.js:11:5)
2025-10-23T18:02:17.351Z [[31merror[39m] uncaughtException: Cannot find module '../../lib/query/my'
Require stack:
- D:\seodev\develope\node\shop_svc\src\routes\my\getMy.js
- D:\seodev\develope\node\shop_svc\src\routes\api\get.ts
- D:\seodev\develope\node\shop_svc\src\server.ts
Error: Cannot find module '../../lib/query/my'
Require stack:
- D:\seodev\develope\node\shop_svc\src\routes\my\getMy.js
- D:\seodev\develope\node\shop_svc\src\routes\api\get.ts
- D:\seodev\develope\node\shop_svc\src\server.ts
    at Module._resolveFilename (node:internal/modules/cjs/loader:1077:15)
    at nextResolveSimple (C:\Users\black\AppData\Local\npm-cache\_npx\fd45a72a545557e9\node_modules\tsx\dist\register-D46fvsV_.cjs:4:1004)
    at C:\Users\black\AppData\Local\npm-cache\_npx\fd45a72a545557e9\node_modules\tsx\dist\register-D46fvsV_.cjs:3:2630
    at C:\Users\black\AppData\Local\npm-cache\_npx\fd45a72a545557e9\node_modules\tsx\dist\register-D46fvsV_.cjs:3:1542
    at resolveTsPaths (C:\Users\black\AppData\Local\npm-cache\_npx\fd45a72a545557e9\node_modules\tsx\dist\register-D46fvsV_.cjs:4:760)
    at Function._resolveFilename (C:\Users\black\AppData\Local\npm-cache\_npx\fd45a72a545557e9\node_modules\tsx\dist\register-D46fvsV_.cjs:4:1102)
    at Module._load (node:internal/modules/cjs/loader:922:27)
    at Module.require (node:internal/modules/cjs/loader:1143:19)
    at require (node:internal/modules/cjs/helpers:110:18)
    at Object.<anonymous> (D:\seodev\develope\node\shop_svc\src\routes\my\getMy.js:11:5)
2025-10-23T18:27:15.077Z [[31merror[39m] uncaughtException: Cannot find module '../../lib/query/my'
Require stack:
- D:\seodev\develope\node\shop_svc\src\routes\my\getMy.js
- D:\seodev\develope\node\shop_svc\src\routes\api\get.ts
- D:\seodev\develope\node\shop_svc\src\server.ts
Error: Cannot find module '../../lib/query/my'
Require stack:
- D:\seodev\develope\node\shop_svc\src\routes\my\getMy.js
- D:\seodev\develope\node\shop_svc\src\routes\api\get.ts
- D:\seodev\develope\node\shop_svc\src\server.ts
    at Module._resolveFilename (node:internal/modules/cjs/loader:1077:15)
    at nextResolveSimple (C:\Users\black\AppData\Local\npm-cache\_npx\fd45a72a545557e9\node_modules\tsx\dist\register-D46fvsV_.cjs:4:1004)
    at C:\Users\black\AppData\Local\npm-cache\_npx\fd45a72a545557e9\node_modules\tsx\dist\register-D46fvsV_.cjs:3:2630
    at C:\Users\black\AppData\Local\npm-cache\_npx\fd45a72a545557e9\node_modules\tsx\dist\register-D46fvsV_.cjs:3:1542
    at resolveTsPaths (C:\Users\black\AppData\Local\npm-cache\_npx\fd45a72a545557e9\node_modules\tsx\dist\register-D46fvsV_.cjs:4:760)
    at Function._resolveFilename (C:\Users\black\AppData\Local\npm-cache\_npx\fd45a72a545557e9\node_modules\tsx\dist\register-D46fvsV_.cjs:4:1102)
    at Module._load (node:internal/modules/cjs/loader:922:27)
    at Module.require (node:internal/modules/cjs/loader:1143:19)
    at require (node:internal/modules/cjs/helpers:110:18)
    at Object.<anonymous> (D:\seodev\develope\node\shop_svc\src\routes\my\getMy.js:11:5)
2025-10-24T01:37:31.390Z [[31merror[39m] uncaughtException: Cannot find module '../../lib/query/product'
Require stack:
- D:\seodev\develope\node\shop_svc\src\routes\product\getProduct.js
- D:\seodev\develope\node\shop_svc\src\routes\api\get.ts
- D:\seodev\develope\node\shop_svc\src\server.ts
Error: Cannot find module '../../lib/query/product'
Require stack:
- D:\seodev\develope\node\shop_svc\src\routes\product\getProduct.js
- D:\seodev\develope\node\shop_svc\src\routes\api\get.ts
- D:\seodev\develope\node\shop_svc\src\server.ts
    at Module._resolveFilename (node:internal/modules/cjs/loader:1077:15)
    at nextResolveSimple (C:\Users\black\AppData\Local\npm-cache\_npx\fd45a72a545557e9\node_modules\tsx\dist\register-D46fvsV_.cjs:4:1004)
    at C:\Users\black\AppData\Local\npm-cache\_npx\fd45a72a545557e9\node_modules\tsx\dist\register-D46fvsV_.cjs:3:2630
    at C:\Users\black\AppData\Local\npm-cache\_npx\fd45a72a545557e9\node_modules\tsx\dist\register-D46fvsV_.cjs:3:1542
    at resolveTsPaths (C:\Users\black\AppData\Local\npm-cache\_npx\fd45a72a545557e9\node_modules\tsx\dist\register-D46fvsV_.cjs:4:760)
    at Function._resolveFilename (C:\Users\black\AppData\Local\npm-cache\_npx\fd45a72a545557e9\node_modules\tsx\dist\register-D46fvsV_.cjs:4:1102)
    at Module._load (node:internal/modules/cjs/loader:922:27)
    at Module.require (node:internal/modules/cjs/loader:1143:19)
    at require (node:internal/modules/cjs/helpers:110:18)
    at Object.<anonymous> (D:\seodev\develope\node\shop_svc\src\routes\product\getProduct.js:17:5)
2025-10-24T04:26:30.491Z [[31merror[39m] uncaughtException: Cannot find module '../../lib/query/product'
Require stack:
- D:\seodev\develope\node\shop_svc\src\routes\product\getProduct.js
- D:\seodev\develope\node\shop_svc\src\routes\api\get.ts
- D:\seodev\develope\node\shop_svc\src\server.ts
Error: Cannot find module '../../lib/query/product'
Require stack:
- D:\seodev\develope\node\shop_svc\src\routes\product\getProduct.js
- D:\seodev\develope\node\shop_svc\src\routes\api\get.ts
- D:\seodev\develope\node\shop_svc\src\server.ts
    at Module._resolveFilename (node:internal/modules/cjs/loader:1077:15)
    at nextResolveSimple (C:\Users\black\AppData\Local\npm-cache\_npx\fd45a72a545557e9\node_modules\tsx\dist\register-D46fvsV_.cjs:4:1004)
    at C:\Users\black\AppData\Local\npm-cache\_npx\fd45a72a545557e9\node_modules\tsx\dist\register-D46fvsV_.cjs:3:2630
    at C:\Users\black\AppData\Local\npm-cache\_npx\fd45a72a545557e9\node_modules\tsx\dist\register-D46fvsV_.cjs:3:1542
    at resolveTsPaths (C:\Users\black\AppData\Local\npm-cache\_npx\fd45a72a545557e9\node_modules\tsx\dist\register-D46fvsV_.cjs:4:760)
    at Function._resolveFilename (C:\Users\black\AppData\Local\npm-cache\_npx\fd45a72a545557e9\node_modules\tsx\dist\register-D46fvsV_.cjs:4:1102)
    at Module._load (node:internal/modules/cjs/loader:922:27)
    at Module.require (node:internal/modules/cjs/loader:1143:19)
    at require (node:internal/modules/cjs/helpers:110:18)
    at Object.<anonymous> (D:\seodev\develope\node\shop_svc\src\routes\product\getProduct.js:17:5)
2025-10-24T04:26:33.777Z [[31merror[39m] uncaughtException: Cannot find module '../../lib/query/product'
Require stack:
- D:\seodev\develope\node\shop_svc\src\routes\product\getProduct.js
- D:\seodev\develope\node\shop_svc\src\routes\api\get.ts
- D:\seodev\develope\node\shop_svc\src\server.ts
Error: Cannot find module '../../lib/query/product'
Require stack:
- D:\seodev\develope\node\shop_svc\src\routes\product\getProduct.js
- D:\seodev\develope\node\shop_svc\src\routes\api\get.ts
- D:\seodev\develope\node\shop_svc\src\server.ts
    at Module._resolveFilename (node:internal/modules/cjs/loader:1077:15)
    at nextResolveSimple (C:\Users\black\AppData\Local\npm-cache\_npx\fd45a72a545557e9\node_modules\tsx\dist\register-D46fvsV_.cjs:4:1004)
    at C:\Users\black\AppData\Local\npm-cache\_npx\fd45a72a545557e9\node_modules\tsx\dist\register-D46fvsV_.cjs:3:2630
    at C:\Users\black\AppData\Local\npm-cache\_npx\fd45a72a545557e9\node_modules\tsx\dist\register-D46fvsV_.cjs:3:1542
    at resolveTsPaths (C:\Users\black\AppData\Local\npm-cache\_npx\fd45a72a545557e9\node_modules\tsx\dist\register-D46fvsV_.cjs:4:760)
    at Function._resolveFilename (C:\Users\black\AppData\Local\npm-cache\_npx\fd45a72a545557e9\node_modules\tsx\dist\register-D46fvsV_.cjs:4:1102)
    at Module._load (node:internal/modules/cjs/loader:922:27)
    at Module.require (node:internal/modules/cjs/loader:1143:19)
    at require (node:internal/modules/cjs/helpers:110:18)
    at Object.<anonymous> (D:\seodev\develope\node\shop_svc\src\routes\product\getProduct.js:17:5)
2025-10-24T04:26:35.602Z [[31merror[39m] uncaughtException: Cannot find module '../../lib/query/product'
Require stack:
- D:\seodev\develope\node\shop_svc\src\routes\product\getProduct.js
- D:\seodev\develope\node\shop_svc\src\routes\api\get.ts
- D:\seodev\develope\node\shop_svc\src\server.ts
Error: Cannot find module '../../lib/query/product'
Require stack:
- D:\seodev\develope\node\shop_svc\src\routes\product\getProduct.js
- D:\seodev\develope\node\shop_svc\src\routes\api\get.ts
- D:\seodev\develope\node\shop_svc\src\server.ts
    at Module._resolveFilename (node:internal/modules/cjs/loader:1077:15)
    at nextResolveSimple (C:\Users\black\AppData\Local\npm-cache\_npx\fd45a72a545557e9\node_modules\tsx\dist\register-D46fvsV_.cjs:4:1004)
    at C:\Users\black\AppData\Local\npm-cache\_npx\fd45a72a545557e9\node_modules\tsx\dist\register-D46fvsV_.cjs:3:2630
    at C:\Users\black\AppData\Local\npm-cache\_npx\fd45a72a545557e9\node_modules\tsx\dist\register-D46fvsV_.cjs:3:1542
    at resolveTsPaths (C:\Users\black\AppData\Local\npm-cache\_npx\fd45a72a545557e9\node_modules\tsx\dist\register-D46fvsV_.cjs:4:760)
    at Function._resolveFilename (C:\Users\black\AppData\Local\npm-cache\_npx\fd45a72a545557e9\node_modules\tsx\dist\register-D46fvsV_.cjs:4:1102)
    at Module._load (node:internal/modules/cjs/loader:922:27)
    at Module.require (node:internal/modules/cjs/loader:1143:19)
    at require (node:internal/modules/cjs/helpers:110:18)
    at Object.<anonymous> (D:\seodev\develope\node\shop_svc\src\routes\product\getProduct.js:17:5)
2025-10-24T04:26:42.828Z [[31merror[39m] uncaughtException: Cannot find module '../../lib/query/product'
Require stack:
- D:\seodev\develope\node\shop_svc\src\routes\product\getProduct.js
- D:\seodev\develope\node\shop_svc\src\routes\api\get.ts
- D:\seodev\develope\node\shop_svc\src\server.ts
Error: Cannot find module '../../lib/query/product'
Require stack:
- D:\seodev\develope\node\shop_svc\src\routes\product\getProduct.js
- D:\seodev\develope\node\shop_svc\src\routes\api\get.ts
- D:\seodev\develope\node\shop_svc\src\server.ts
    at Module._resolveFilename (node:internal/modules/cjs/loader:1077:15)
    at nextResolveSimple (C:\Users\black\AppData\Local\npm-cache\_npx\fd45a72a545557e9\node_modules\tsx\dist\register-D46fvsV_.cjs:4:1004)
    at C:\Users\black\AppData\Local\npm-cache\_npx\fd45a72a545557e9\node_modules\tsx\dist\register-D46fvsV_.cjs:3:2630
    at C:\Users\black\AppData\Local\npm-cache\_npx\fd45a72a545557e9\node_modules\tsx\dist\register-D46fvsV_.cjs:3:1542
    at resolveTsPaths (C:\Users\black\AppData\Local\npm-cache\_npx\fd45a72a545557e9\node_modules\tsx\dist\register-D46fvsV_.cjs:4:760)
    at Function._resolveFilename (C:\Users\black\AppData\Local\npm-cache\_npx\fd45a72a545557e9\node_modules\tsx\dist\register-D46fvsV_.cjs:4:1102)
    at Module._load (node:internal/modules/cjs/loader:922:27)
    at Module.require (node:internal/modules/cjs/loader:1143:19)
    at require (node:internal/modules/cjs/helpers:110:18)
    at Object.<anonymous> (D:\seodev\develope\node\shop_svc\src\routes\product\getProduct.js:17:5)
2025-10-24T04:26:48.515Z [[31merror[39m] uncaughtException: Cannot find module '../../lib/query/product'
Require stack:
- D:\seodev\develope\node\shop_svc\src\routes\product\getProduct.js
- D:\seodev\develope\node\shop_svc\src\routes\api\get.ts
- D:\seodev\develope\node\shop_svc\src\server.ts
Error: Cannot find module '../../lib/query/product'
Require stack:
- D:\seodev\develope\node\shop_svc\src\routes\product\getProduct.js
- D:\seodev\develope\node\shop_svc\src\routes\api\get.ts
- D:\seodev\develope\node\shop_svc\src\server.ts
    at Module._resolveFilename (node:internal/modules/cjs/loader:1077:15)
    at nextResolveSimple (C:\Users\black\AppData\Local\npm-cache\_npx\fd45a72a545557e9\node_modules\tsx\dist\register-D46fvsV_.cjs:4:1004)
    at C:\Users\black\AppData\Local\npm-cache\_npx\fd45a72a545557e9\node_modules\tsx\dist\register-D46fvsV_.cjs:3:2630
    at C:\Users\black\AppData\Local\npm-cache\_npx\fd45a72a545557e9\node_modules\tsx\dist\register-D46fvsV_.cjs:3:1542
    at resolveTsPaths (C:\Users\black\AppData\Local\npm-cache\_npx\fd45a72a545557e9\node_modules\tsx\dist\register-D46fvsV_.cjs:4:760)
    at Function._resolveFilename (C:\Users\black\AppData\Local\npm-cache\_npx\fd45a72a545557e9\node_modules\tsx\dist\register-D46fvsV_.cjs:4:1102)
    at Module._load (node:internal/modules/cjs/loader:922:27)
    at Module.require (node:internal/modules/cjs/loader:1143:19)
    at require (node:internal/modules/cjs/helpers:110:18)
    at Object.<anonymous> (D:\seodev\develope\node\shop_svc\src\routes\product\getProduct.js:17:5)
2025-10-24T04:26:59.780Z [[31merror[39m] uncaughtException: Cannot find module '../../lib/query/product'
Require stack:
- D:\seodev\develope\node\shop_svc\src\routes\product\getProduct.js
- D:\seodev\develope\node\shop_svc\src\routes\api\get.ts
- D:\seodev\develope\node\shop_svc\src\server.ts
Error: Cannot find module '../../lib/query/product'
Require stack:
- D:\seodev\develope\node\shop_svc\src\routes\product\getProduct.js
- D:\seodev\develope\node\shop_svc\src\routes\api\get.ts
- D:\seodev\develope\node\shop_svc\src\server.ts
    at Module._resolveFilename (node:internal/modules/cjs/loader:1077:15)
    at nextResolveSimple (C:\Users\black\AppData\Local\npm-cache\_npx\fd45a72a545557e9\node_modules\tsx\dist\register-D46fvsV_.cjs:4:1004)
    at C:\Users\black\AppData\Local\npm-cache\_npx\fd45a72a545557e9\node_modules\tsx\dist\register-D46fvsV_.cjs:3:2630
    at C:\Users\black\AppData\Local\npm-cache\_npx\fd45a72a545557e9\node_modules\tsx\dist\register-D46fvsV_.cjs:3:1542
    at resolveTsPaths (C:\Users\black\AppData\Local\npm-cache\_npx\fd45a72a545557e9\node_modules\tsx\dist\register-D46fvsV_.cjs:4:760)
    at Function._resolveFilename (C:\Users\black\AppData\Local\npm-cache\_npx\fd45a72a545557e9\node_modules\tsx\dist\register-D46fvsV_.cjs:4:1102)
    at Module._load (node:internal/modules/cjs/loader:922:27)
    at Module.require (node:internal/modules/cjs/loader:1143:19)
    at require (node:internal/modules/cjs/helpers:110:18)
    at Object.<anonymous> (D:\seodev\develope\node\shop_svc\src\routes\product\getProduct.js:17:5)
2025-10-24T04:27:01.918Z [[31merror[39m] uncaughtException: Cannot find module '../../lib/query/product'
Require stack:
- D:\seodev\develope\node\shop_svc\src\routes\product\getProduct.js
- D:\seodev\develope\node\shop_svc\src\routes\api\get.ts
- D:\seodev\develope\node\shop_svc\src\server.ts
Error: Cannot find module '../../lib/query/product'
Require stack:
- D:\seodev\develope\node\shop_svc\src\routes\product\getProduct.js
- D:\seodev\develope\node\shop_svc\src\routes\api\get.ts
- D:\seodev\develope\node\shop_svc\src\server.ts
    at Module._resolveFilename (node:internal/modules/cjs/loader:1077:15)
    at nextResolveSimple (C:\Users\black\AppData\Local\npm-cache\_npx\fd45a72a545557e9\node_modules\tsx\dist\register-D46fvsV_.cjs:4:1004)
    at C:\Users\black\AppData\Local\npm-cache\_npx\fd45a72a545557e9\node_modules\tsx\dist\register-D46fvsV_.cjs:3:2630
    at C:\Users\black\AppData\Local\npm-cache\_npx\fd45a72a545557e9\node_modules\tsx\dist\register-D46fvsV_.cjs:3:1542
    at resolveTsPaths (C:\Users\black\AppData\Local\npm-cache\_npx\fd45a72a545557e9\node_modules\tsx\dist\register-D46fvsV_.cjs:4:760)
    at Function._resolveFilename (C:\Users\black\AppData\Local\npm-cache\_npx\fd45a72a545557e9\node_modules\tsx\dist\register-D46fvsV_.cjs:4:1102)
    at Module._load (node:internal/modules/cjs/loader:922:27)
    at Module.require (node:internal/modules/cjs/loader:1143:19)
    at require (node:internal/modules/cjs/helpers:110:18)
    at Object.<anonymous> (D:\seodev\develope\node\shop_svc\src\routes\product\getProduct.js:17:5)
2025-10-24T04:27:26.868Z [[31merror[39m] uncaughtException: Cannot find module '../../lib/query/product'
Require stack:
- D:\seodev\develope\node\shop_svc\src\routes\product\getProduct.js
- D:\seodev\develope\node\shop_svc\src\routes\api\get.ts
- D:\seodev\develope\node\shop_svc\src\server.ts
Error: Cannot find module '../../lib/query/product'
Require stack:
- D:\seodev\develope\node\shop_svc\src\routes\product\getProduct.js
- D:\seodev\develope\node\shop_svc\src\routes\api\get.ts
- D:\seodev\develope\node\shop_svc\src\server.ts
    at Module._resolveFilename (node:internal/modules/cjs/loader:1077:15)
    at nextResolveSimple (C:\Users\black\AppData\Local\npm-cache\_npx\fd45a72a545557e9\node_modules\tsx\dist\register-D46fvsV_.cjs:4:1004)
    at C:\Users\black\AppData\Local\npm-cache\_npx\fd45a72a545557e9\node_modules\tsx\dist\register-D46fvsV_.cjs:3:2630
    at C:\Users\black\AppData\Local\npm-cache\_npx\fd45a72a545557e9\node_modules\tsx\dist\register-D46fvsV_.cjs:3:1542
    at resolveTsPaths (C:\Users\black\AppData\Local\npm-cache\_npx\fd45a72a545557e9\node_modules\tsx\dist\register-D46fvsV_.cjs:4:760)
    at Function._resolveFilename (C:\Users\black\AppData\Local\npm-cache\_npx\fd45a72a545557e9\node_modules\tsx\dist\register-D46fvsV_.cjs:4:1102)
    at Module._load (node:internal/modules/cjs/loader:922:27)
    at Module.require (node:internal/modules/cjs/loader:1143:19)
    at require (node:internal/modules/cjs/helpers:110:18)
    at Object.<anonymous> (D:\seodev\develope\node\shop_svc\src\routes\product\getProduct.js:17:5)
2025-10-24T04:27:45.611Z [[31merror[39m] uncaughtException: Cannot find module '../../lib/query/product'
Require stack:
- D:\seodev\develope\node\shop_svc\src\routes\product\getProduct.js
- D:\seodev\develope\node\shop_svc\src\routes\api\get.ts
- D:\seodev\develope\node\shop_svc\src\server.ts
Error: Cannot find module '../../lib/query/product'
Require stack:
- D:\seodev\develope\node\shop_svc\src\routes\product\getProduct.js
- D:\seodev\develope\node\shop_svc\src\routes\api\get.ts
- D:\seodev\develope\node\shop_svc\src\server.ts
    at Module._resolveFilename (node:internal/modules/cjs/loader:1077:15)
    at nextResolveSimple (C:\Users\black\AppData\Local\npm-cache\_npx\fd45a72a545557e9\node_modules\tsx\dist\register-D46fvsV_.cjs:4:1004)
    at C:\Users\black\AppData\Local\npm-cache\_npx\fd45a72a545557e9\node_modules\tsx\dist\register-D46fvsV_.cjs:3:2630
    at C:\Users\black\AppData\Local\npm-cache\_npx\fd45a72a545557e9\node_modules\tsx\dist\register-D46fvsV_.cjs:3:1542
    at resolveTsPaths (C:\Users\black\AppData\Local\npm-cache\_npx\fd45a72a545557e9\node_modules\tsx\dist\register-D46fvsV_.cjs:4:760)
    at Function._resolveFilename (C:\Users\black\AppData\Local\npm-cache\_npx\fd45a72a545557e9\node_modules\tsx\dist\register-D46fvsV_.cjs:4:1102)
    at Module._load (node:internal/modules/cjs/loader:922:27)
    at Module.require (node:internal/modules/cjs/loader:1143:19)
    at require (node:internal/modules/cjs/helpers:110:18)
    at Object.<anonymous> (D:\seodev\develope\node\shop_svc\src\routes\product\getProduct.js:17:5)
2025-10-24T04:27:47.429Z [[31merror[39m] uncaughtException: Cannot find module '../../lib/query/product'
Require stack:
- D:\seodev\develope\node\shop_svc\src\routes\product\getProduct.js
- D:\seodev\develope\node\shop_svc\src\routes\api\get.ts
- D:\seodev\develope\node\shop_svc\src\server.ts
Error: Cannot find module '../../lib/query/product'
Require stack:
- D:\seodev\develope\node\shop_svc\src\routes\product\getProduct.js
- D:\seodev\develope\node\shop_svc\src\routes\api\get.ts
- D:\seodev\develope\node\shop_svc\src\server.ts
    at Module._resolveFilename (node:internal/modules/cjs/loader:1077:15)
    at nextResolveSimple (C:\Users\black\AppData\Local\npm-cache\_npx\fd45a72a545557e9\node_modules\tsx\dist\register-D46fvsV_.cjs:4:1004)
    at C:\Users\black\AppData\Local\npm-cache\_npx\fd45a72a545557e9\node_modules\tsx\dist\register-D46fvsV_.cjs:3:2630
    at C:\Users\black\AppData\Local\npm-cache\_npx\fd45a72a545557e9\node_modules\tsx\dist\register-D46fvsV_.cjs:3:1542
    at resolveTsPaths (C:\Users\black\AppData\Local\npm-cache\_npx\fd45a72a545557e9\node_modules\tsx\dist\register-D46fvsV_.cjs:4:760)
    at Function._resolveFilename (C:\Users\black\AppData\Local\npm-cache\_npx\fd45a72a545557e9\node_modules\tsx\dist\register-D46fvsV_.cjs:4:1102)
    at Module._load (node:internal/modules/cjs/loader:922:27)
    at Module.require (node:internal/modules/cjs/loader:1143:19)
    at require (node:internal/modules/cjs/helpers:110:18)
    at Object.<anonymous> (D:\seodev\develope\node\shop_svc\src\routes\product\getProduct.js:17:5)
2025-10-24T04:27:56.735Z [[31merror[39m] uncaughtException: Cannot find module '../../lib/query/product'
Require stack:
- D:\seodev\develope\node\shop_svc\src\routes\product\getProduct.js
- D:\seodev\develope\node\shop_svc\src\routes\api\get.ts
- D:\seodev\develope\node\shop_svc\src\server.ts
Error: Cannot find module '../../lib/query/product'
Require stack:
- D:\seodev\develope\node\shop_svc\src\routes\product\getProduct.js
- D:\seodev\develope\node\shop_svc\src\routes\api\get.ts
- D:\seodev\develope\node\shop_svc\src\server.ts
    at Module._resolveFilename (node:internal/modules/cjs/loader:1077:15)
    at nextResolveSimple (C:\Users\black\AppData\Local\npm-cache\_npx\fd45a72a545557e9\node_modules\tsx\dist\register-D46fvsV_.cjs:4:1004)
    at C:\Users\black\AppData\Local\npm-cache\_npx\fd45a72a545557e9\node_modules\tsx\dist\register-D46fvsV_.cjs:3:2630
    at C:\Users\black\AppData\Local\npm-cache\_npx\fd45a72a545557e9\node_modules\tsx\dist\register-D46fvsV_.cjs:3:1542
    at resolveTsPaths (C:\Users\black\AppData\Local\npm-cache\_npx\fd45a72a545557e9\node_modules\tsx\dist\register-D46fvsV_.cjs:4:760)
    at Function._resolveFilename (C:\Users\black\AppData\Local\npm-cache\_npx\fd45a72a545557e9\node_modules\tsx\dist\register-D46fvsV_.cjs:4:1102)
    at Module._load (node:internal/modules/cjs/loader:922:27)
    at Module.require (node:internal/modules/cjs/loader:1143:19)
    at require (node:internal/modules/cjs/helpers:110:18)
    at Object.<anonymous> (D:\seodev\develope\node\shop_svc\src\routes\product\getProduct.js:17:5)
2025-10-24T04:28:03.809Z [[31merror[39m] uncaughtException: Cannot find module '../../lib/query/product'
Require stack:
- D:\seodev\develope\node\shop_svc\src\routes\product\getProduct.js
- D:\seodev\develope\node\shop_svc\src\routes\api\get.ts
- D:\seodev\develope\node\shop_svc\src\server.ts
Error: Cannot find module '../../lib/query/product'
Require stack:
- D:\seodev\develope\node\shop_svc\src\routes\product\getProduct.js
- D:\seodev\develope\node\shop_svc\src\routes\api\get.ts
- D:\seodev\develope\node\shop_svc\src\server.ts
    at Module._resolveFilename (node:internal/modules/cjs/loader:1077:15)
    at nextResolveSimple (C:\Users\black\AppData\Local\npm-cache\_npx\fd45a72a545557e9\node_modules\tsx\dist\register-D46fvsV_.cjs:4:1004)
    at C:\Users\black\AppData\Local\npm-cache\_npx\fd45a72a545557e9\node_modules\tsx\dist\register-D46fvsV_.cjs:3:2630
    at C:\Users\black\AppData\Local\npm-cache\_npx\fd45a72a545557e9\node_modules\tsx\dist\register-D46fvsV_.cjs:3:1542
    at resolveTsPaths (C:\Users\black\AppData\Local\npm-cache\_npx\fd45a72a545557e9\node_modules\tsx\dist\register-D46fvsV_.cjs:4:760)
    at Function._resolveFilename (C:\Users\black\AppData\Local\npm-cache\_npx\fd45a72a545557e9\node_modules\tsx\dist\register-D46fvsV_.cjs:4:1102)
    at Module._load (node:internal/modules/cjs/loader:922:27)
    at Module.require (node:internal/modules/cjs/loader:1143:19)
    at require (node:internal/modules/cjs/helpers:110:18)
    at Object.<anonymous> (D:\seodev\develope\node\shop_svc\src\routes\product\getProduct.js:17:5)
2025-10-24T04:28:10.462Z [[31merror[39m] uncaughtException: Cannot find module '../../lib/query/product'
Require stack:
- D:\seodev\develope\node\shop_svc\src\routes\product\getProduct.js
- D:\seodev\develope\node\shop_svc\src\routes\api\get.ts
- D:\seodev\develope\node\shop_svc\src\server.ts
Error: Cannot find module '../../lib/query/product'
Require stack:
- D:\seodev\develope\node\shop_svc\src\routes\product\getProduct.js
- D:\seodev\develope\node\shop_svc\src\routes\api\get.ts
- D:\seodev\develope\node\shop_svc\src\server.ts
    at Module._resolveFilename (node:internal/modules/cjs/loader:1077:15)
    at nextResolveSimple (C:\Users\black\AppData\Local\npm-cache\_npx\fd45a72a545557e9\node_modules\tsx\dist\register-D46fvsV_.cjs:4:1004)
    at C:\Users\black\AppData\Local\npm-cache\_npx\fd45a72a545557e9\node_modules\tsx\dist\register-D46fvsV_.cjs:3:2630
    at C:\Users\black\AppData\Local\npm-cache\_npx\fd45a72a545557e9\node_modules\tsx\dist\register-D46fvsV_.cjs:3:1542
    at resolveTsPaths (C:\Users\black\AppData\Local\npm-cache\_npx\fd45a72a545557e9\node_modules\tsx\dist\register-D46fvsV_.cjs:4:760)
    at Function._resolveFilename (C:\Users\black\AppData\Local\npm-cache\_npx\fd45a72a545557e9\node_modules\tsx\dist\register-D46fvsV_.cjs:4:1102)
    at Module._load (node:internal/modules/cjs/loader:922:27)
    at Module.require (node:internal/modules/cjs/loader:1143:19)
    at require (node:internal/modules/cjs/helpers:110:18)
    at Object.<anonymous> (D:\seodev\develope\node\shop_svc\src\routes\product\getProduct.js:17:5)
2025-10-24T04:28:15.497Z [[31merror[39m] uncaughtException: Cannot find module '../../lib/query/product'
Require stack:
- D:\seodev\develope\node\shop_svc\src\routes\product\getProduct.js
- D:\seodev\develope\node\shop_svc\src\routes\api\get.ts
- D:\seodev\develope\node\shop_svc\src\server.ts
Error: Cannot find module '../../lib/query/product'
Require stack:
- D:\seodev\develope\node\shop_svc\src\routes\product\getProduct.js
- D:\seodev\develope\node\shop_svc\src\routes\api\get.ts
- D:\seodev\develope\node\shop_svc\src\server.ts
    at Module._resolveFilename (node:internal/modules/cjs/loader:1077:15)
    at nextResolveSimple (C:\Users\black\AppData\Local\npm-cache\_npx\fd45a72a545557e9\node_modules\tsx\dist\register-D46fvsV_.cjs:4:1004)
    at C:\Users\black\AppData\Local\npm-cache\_npx\fd45a72a545557e9\node_modules\tsx\dist\register-D46fvsV_.cjs:3:2630
    at C:\Users\black\AppData\Local\npm-cache\_npx\fd45a72a545557e9\node_modules\tsx\dist\register-D46fvsV_.cjs:3:1542
    at resolveTsPaths (C:\Users\black\AppData\Local\npm-cache\_npx\fd45a72a545557e9\node_modules\tsx\dist\register-D46fvsV_.cjs:4:760)
    at Function._resolveFilename (C:\Users\black\AppData\Local\npm-cache\_npx\fd45a72a545557e9\node_modules\tsx\dist\register-D46fvsV_.cjs:4:1102)
    at Module._load (node:internal/modules/cjs/loader:922:27)
    at Module.require (node:internal/modules/cjs/loader:1143:19)
    at require (node:internal/modules/cjs/helpers:110:18)
    at Object.<anonymous> (D:\seodev\develope\node\shop_svc\src\routes\product\getProduct.js:17:5)
2025-10-24T04:28:34.323Z [[31merror[39m] uncaughtException: Cannot find module '../../lib/query/product'
Require stack:
- D:\seodev\develope\node\shop_svc\src\routes\product\getProduct.js
- D:\seodev\develope\node\shop_svc\src\routes\api\get.ts
- D:\seodev\develope\node\shop_svc\src\server.ts
Error: Cannot find module '../../lib/query/product'
Require stack:
- D:\seodev\develope\node\shop_svc\src\routes\product\getProduct.js
- D:\seodev\develope\node\shop_svc\src\routes\api\get.ts
- D:\seodev\develope\node\shop_svc\src\server.ts
    at Module._resolveFilename (node:internal/modules/cjs/loader:1077:15)
    at nextResolveSimple (C:\Users\black\AppData\Local\npm-cache\_npx\fd45a72a545557e9\node_modules\tsx\dist\register-D46fvsV_.cjs:4:1004)
    at C:\Users\black\AppData\Local\npm-cache\_npx\fd45a72a545557e9\node_modules\tsx\dist\register-D46fvsV_.cjs:3:2630
    at C:\Users\black\AppData\Local\npm-cache\_npx\fd45a72a545557e9\node_modules\tsx\dist\register-D46fvsV_.cjs:3:1542
    at resolveTsPaths (C:\Users\black\AppData\Local\npm-cache\_npx\fd45a72a545557e9\node_modules\tsx\dist\register-D46fvsV_.cjs:4:760)
    at Function._resolveFilename (C:\Users\black\AppData\Local\npm-cache\_npx\fd45a72a545557e9\node_modules\tsx\dist\register-D46fvsV_.cjs:4:1102)
    at Module._load (node:internal/modules/cjs/loader:922:27)
    at Module.require (node:internal/modules/cjs/loader:1143:19)
    at require (node:internal/modules/cjs/helpers:110:18)
    at Object.<anonymous> (D:\seodev\develope\node\shop_svc\src\routes\product\getProduct.js:17:5)
2025-10-24T04:28:37.710Z [[31merror[39m] uncaughtException: Cannot find module '../../lib/query/product'
Require stack:
- D:\seodev\develope\node\shop_svc\src\routes\product\getProduct.js
- D:\seodev\develope\node\shop_svc\src\routes\api\get.ts
- D:\seodev\develope\node\shop_svc\src\server.ts
Error: Cannot find module '../../lib/query/product'
Require stack:
- D:\seodev\develope\node\shop_svc\src\routes\product\getProduct.js
- D:\seodev\develope\node\shop_svc\src\routes\api\get.ts
- D:\seodev\develope\node\shop_svc\src\server.ts
    at Module._resolveFilename (node:internal/modules/cjs/loader:1077:15)
    at nextResolveSimple (C:\Users\black\AppData\Local\npm-cache\_npx\fd45a72a545557e9\node_modules\tsx\dist\register-D46fvsV_.cjs:4:1004)
    at C:\Users\black\AppData\Local\npm-cache\_npx\fd45a72a545557e9\node_modules\tsx\dist\register-D46fvsV_.cjs:3:2630
    at C:\Users\black\AppData\Local\npm-cache\_npx\fd45a72a545557e9\node_modules\tsx\dist\register-D46fvsV_.cjs:3:1542
    at resolveTsPaths (C:\Users\black\AppData\Local\npm-cache\_npx\fd45a72a545557e9\node_modules\tsx\dist\register-D46fvsV_.cjs:4:760)
    at Function._resolveFilename (C:\Users\black\AppData\Local\npm-cache\_npx\fd45a72a545557e9\node_modules\tsx\dist\register-D46fvsV_.cjs:4:1102)
    at Module._load (node:internal/modules/cjs/loader:922:27)
    at Module.require (node:internal/modules/cjs/loader:1143:19)
    at require (node:internal/modules/cjs/helpers:110:18)
    at Object.<anonymous> (D:\seodev\develope\node\shop_svc\src\routes\product\getProduct.js:17:5)
2025-10-24T04:28:42.068Z [[31merror[39m] uncaughtException: Cannot find module '../../lib/query/product'
Require stack:
- D:\seodev\develope\node\shop_svc\src\routes\product\getProduct.js
- D:\seodev\develope\node\shop_svc\src\routes\api\get.ts
- D:\seodev\develope\node\shop_svc\src\server.ts
Error: Cannot find module '../../lib/query/product'
Require stack:
- D:\seodev\develope\node\shop_svc\src\routes\product\getProduct.js
- D:\seodev\develope\node\shop_svc\src\routes\api\get.ts
- D:\seodev\develope\node\shop_svc\src\server.ts
    at Module._resolveFilename (node:internal/modules/cjs/loader:1077:15)
    at nextResolveSimple (C:\Users\black\AppData\Local\npm-cache\_npx\fd45a72a545557e9\node_modules\tsx\dist\register-D46fvsV_.cjs:4:1004)
    at C:\Users\black\AppData\Local\npm-cache\_npx\fd45a72a545557e9\node_modules\tsx\dist\register-D46fvsV_.cjs:3:2630
    at C:\Users\black\AppData\Local\npm-cache\_npx\fd45a72a545557e9\node_modules\tsx\dist\register-D46fvsV_.cjs:3:1542
    at resolveTsPaths (C:\Users\black\AppData\Local\npm-cache\_npx\fd45a72a545557e9\node_modules\tsx\dist\register-D46fvsV_.cjs:4:760)
    at Function._resolveFilename (C:\Users\black\AppData\Local\npm-cache\_npx\fd45a72a545557e9\node_modules\tsx\dist\register-D46fvsV_.cjs:4:1102)
    at Module._load (node:internal/modules/cjs/loader:922:27)
    at Module.require (node:internal/modules/cjs/loader:1143:19)
    at require (node:internal/modules/cjs/helpers:110:18)
    at Object.<anonymous> (D:\seodev\develope\node\shop_svc\src\routes\product\getProduct.js:17:5)
2025-10-24T04:28:56.086Z [[31merror[39m] uncaughtException: Cannot find module '../../lib/query/product'
Require stack:
- D:\seodev\develope\node\shop_svc\src\routes\product\getProduct.js
- D:\seodev\develope\node\shop_svc\src\routes\api\get.ts
- D:\seodev\develope\node\shop_svc\src\server.ts
Error: Cannot find module '../../lib/query/product'
Require stack:
- D:\seodev\develope\node\shop_svc\src\routes\product\getProduct.js
- D:\seodev\develope\node\shop_svc\src\routes\api\get.ts
- D:\seodev\develope\node\shop_svc\src\server.ts
    at Module._resolveFilename (node:internal/modules/cjs/loader:1077:15)
    at nextResolveSimple (C:\Users\black\AppData\Local\npm-cache\_npx\fd45a72a545557e9\node_modules\tsx\dist\register-D46fvsV_.cjs:4:1004)
    at C:\Users\black\AppData\Local\npm-cache\_npx\fd45a72a545557e9\node_modules\tsx\dist\register-D46fvsV_.cjs:3:2630
    at C:\Users\black\AppData\Local\npm-cache\_npx\fd45a72a545557e9\node_modules\tsx\dist\register-D46fvsV_.cjs:3:1542
    at resolveTsPaths (C:\Users\black\AppData\Local\npm-cache\_npx\fd45a72a545557e9\node_modules\tsx\dist\register-D46fvsV_.cjs:4:760)
    at Function._resolveFilename (C:\Users\black\AppData\Local\npm-cache\_npx\fd45a72a545557e9\node_modules\tsx\dist\register-D46fvsV_.cjs:4:1102)
    at Module._load (node:internal/modules/cjs/loader:922:27)
    at Module.require (node:internal/modules/cjs/loader:1143:19)
    at require (node:internal/modules/cjs/helpers:110:18)
    at Object.<anonymous> (D:\seodev\develope\node\shop_svc\src\routes\product\getProduct.js:17:5)
2025-10-24T04:29:07.754Z [[31merror[39m] uncaughtException: Cannot find module '../../lib/query/product'
Require stack:
- D:\seodev\develope\node\shop_svc\src\routes\product\getProduct.js
- D:\seodev\develope\node\shop_svc\src\routes\api\get.ts
- D:\seodev\develope\node\shop_svc\src\server.ts
Error: Cannot find module '../../lib/query/product'
Require stack:
- D:\seodev\develope\node\shop_svc\src\routes\product\getProduct.js
- D:\seodev\develope\node\shop_svc\src\routes\api\get.ts
- D:\seodev\develope\node\shop_svc\src\server.ts
    at Module._resolveFilename (node:internal/modules/cjs/loader:1077:15)
    at nextResolveSimple (C:\Users\black\AppData\Local\npm-cache\_npx\fd45a72a545557e9\node_modules\tsx\dist\register-D46fvsV_.cjs:4:1004)
    at C:\Users\black\AppData\Local\npm-cache\_npx\fd45a72a545557e9\node_modules\tsx\dist\register-D46fvsV_.cjs:3:2630
    at C:\Users\black\AppData\Local\npm-cache\_npx\fd45a72a545557e9\node_modules\tsx\dist\register-D46fvsV_.cjs:3:1542
    at resolveTsPaths (C:\Users\black\AppData\Local\npm-cache\_npx\fd45a72a545557e9\node_modules\tsx\dist\register-D46fvsV_.cjs:4:760)
    at Function._resolveFilename (C:\Users\black\AppData\Local\npm-cache\_npx\fd45a72a545557e9\node_modules\tsx\dist\register-D46fvsV_.cjs:4:1102)
    at Module._load (node:internal/modules/cjs/loader:922:27)
    at Module.require (node:internal/modules/cjs/loader:1143:19)
    at require (node:internal/modules/cjs/helpers:110:18)
    at Object.<anonymous> (D:\seodev\develope\node\shop_svc\src\routes\product\getProduct.js:17:5)
2025-10-24T04:29:12.867Z [[31merror[39m] uncaughtException: Cannot find module '../../lib/query/product'
Require stack:
- D:\seodev\develope\node\shop_svc\src\routes\product\getProduct.js
- D:\seodev\develope\node\shop_svc\src\routes\api\get.ts
- D:\seodev\develope\node\shop_svc\src\server.ts
Error: Cannot find module '../../lib/query/product'
Require stack:
- D:\seodev\develope\node\shop_svc\src\routes\product\getProduct.js
- D:\seodev\develope\node\shop_svc\src\routes\api\get.ts
- D:\seodev\develope\node\shop_svc\src\server.ts
    at Module._resolveFilename (node:internal/modules/cjs/loader:1077:15)
    at nextResolveSimple (C:\Users\black\AppData\Local\npm-cache\_npx\fd45a72a545557e9\node_modules\tsx\dist\register-D46fvsV_.cjs:4:1004)
    at C:\Users\black\AppData\Local\npm-cache\_npx\fd45a72a545557e9\node_modules\tsx\dist\register-D46fvsV_.cjs:3:2630
    at C:\Users\black\AppData\Local\npm-cache\_npx\fd45a72a545557e9\node_modules\tsx\dist\register-D46fvsV_.cjs:3:1542
    at resolveTsPaths (C:\Users\black\AppData\Local\npm-cache\_npx\fd45a72a545557e9\node_modules\tsx\dist\register-D46fvsV_.cjs:4:760)
    at Function._resolveFilename (C:\Users\black\AppData\Local\npm-cache\_npx\fd45a72a545557e9\node_modules\tsx\dist\register-D46fvsV_.cjs:4:1102)
    at Module._load (node:internal/modules/cjs/loader:922:27)
    at Module.require (node:internal/modules/cjs/loader:1143:19)
    at require (node:internal/modules/cjs/helpers:110:18)
    at Object.<anonymous> (D:\seodev\develope\node\shop_svc\src\routes\product\getProduct.js:17:5)
2025-10-24T04:29:14.968Z [[31merror[39m] uncaughtException: Cannot find module '../../lib/query/product'
Require stack:
- D:\seodev\develope\node\shop_svc\src\routes\product\getProduct.js
- D:\seodev\develope\node\shop_svc\src\routes\api\get.ts
- D:\seodev\develope\node\shop_svc\src\server.ts
Error: Cannot find module '../../lib/query/product'
Require stack:
- D:\seodev\develope\node\shop_svc\src\routes\product\getProduct.js
- D:\seodev\develope\node\shop_svc\src\routes\api\get.ts
- D:\seodev\develope\node\shop_svc\src\server.ts
    at Module._resolveFilename (node:internal/modules/cjs/loader:1077:15)
    at nextResolveSimple (C:\Users\black\AppData\Local\npm-cache\_npx\fd45a72a545557e9\node_modules\tsx\dist\register-D46fvsV_.cjs:4:1004)
    at C:\Users\black\AppData\Local\npm-cache\_npx\fd45a72a545557e9\node_modules\tsx\dist\register-D46fvsV_.cjs:3:2630
    at C:\Users\black\AppData\Local\npm-cache\_npx\fd45a72a545557e9\node_modules\tsx\dist\register-D46fvsV_.cjs:3:1542
    at resolveTsPaths (C:\Users\black\AppData\Local\npm-cache\_npx\fd45a72a545557e9\node_modules\tsx\dist\register-D46fvsV_.cjs:4:760)
    at Function._resolveFilename (C:\Users\black\AppData\Local\npm-cache\_npx\fd45a72a545557e9\node_modules\tsx\dist\register-D46fvsV_.cjs:4:1102)
    at Module._load (node:internal/modules/cjs/loader:922:27)
    at Module.require (node:internal/modules/cjs/loader:1143:19)
    at require (node:internal/modules/cjs/helpers:110:18)
    at Object.<anonymous> (D:\seodev\develope\node\shop_svc\src\routes\product\getProduct.js:17:5)
2025-10-24T04:29:22.024Z [[31merror[39m] uncaughtException: Cannot find module '../../lib/query/product'
Require stack:
- D:\seodev\develope\node\shop_svc\src\routes\product\getProduct.js
- D:\seodev\develope\node\shop_svc\src\routes\api\get.ts
- D:\seodev\develope\node\shop_svc\src\server.ts
Error: Cannot find module '../../lib/query/product'
Require stack:
- D:\seodev\develope\node\shop_svc\src\routes\product\getProduct.js
- D:\seodev\develope\node\shop_svc\src\routes\api\get.ts
- D:\seodev\develope\node\shop_svc\src\server.ts
    at Module._resolveFilename (node:internal/modules/cjs/loader:1077:15)
    at nextResolveSimple (C:\Users\black\AppData\Local\npm-cache\_npx\fd45a72a545557e9\node_modules\tsx\dist\register-D46fvsV_.cjs:4:1004)
    at C:\Users\black\AppData\Local\npm-cache\_npx\fd45a72a545557e9\node_modules\tsx\dist\register-D46fvsV_.cjs:3:2630
    at C:\Users\black\AppData\Local\npm-cache\_npx\fd45a72a545557e9\node_modules\tsx\dist\register-D46fvsV_.cjs:3:1542
    at resolveTsPaths (C:\Users\black\AppData\Local\npm-cache\_npx\fd45a72a545557e9\node_modules\tsx\dist\register-D46fvsV_.cjs:4:760)
    at Function._resolveFilename (C:\Users\black\AppData\Local\npm-cache\_npx\fd45a72a545557e9\node_modules\tsx\dist\register-D46fvsV_.cjs:4:1102)
    at Module._load (node:internal/modules/cjs/loader:922:27)
    at Module.require (node:internal/modules/cjs/loader:1143:19)
    at require (node:internal/modules/cjs/helpers:110:18)
    at Object.<anonymous> (D:\seodev\develope\node\shop_svc\src\routes\product\getProduct.js:17:5)
2025-10-24T04:29:25.086Z [[31merror[39m] uncaughtException: Cannot find module '../../lib/query/product'
Require stack:
- D:\seodev\develope\node\shop_svc\src\routes\product\getProduct.js
- D:\seodev\develope\node\shop_svc\src\routes\api\get.ts
- D:\seodev\develope\node\shop_svc\src\server.ts
Error: Cannot find module '../../lib/query/product'
Require stack:
- D:\seodev\develope\node\shop_svc\src\routes\product\getProduct.js
- D:\seodev\develope\node\shop_svc\src\routes\api\get.ts
- D:\seodev\develope\node\shop_svc\src\server.ts
    at Module._resolveFilename (node:internal/modules/cjs/loader:1077:15)
    at nextResolveSimple (C:\Users\black\AppData\Local\npm-cache\_npx\fd45a72a545557e9\node_modules\tsx\dist\register-D46fvsV_.cjs:4:1004)
    at C:\Users\black\AppData\Local\npm-cache\_npx\fd45a72a545557e9\node_modules\tsx\dist\register-D46fvsV_.cjs:3:2630
    at C:\Users\black\AppData\Local\npm-cache\_npx\fd45a72a545557e9\node_modules\tsx\dist\register-D46fvsV_.cjs:3:1542
    at resolveTsPaths (C:\Users\black\AppData\Local\npm-cache\_npx\fd45a72a545557e9\node_modules\tsx\dist\register-D46fvsV_.cjs:4:760)
    at Function._resolveFilename (C:\Users\black\AppData\Local\npm-cache\_npx\fd45a72a545557e9\node_modules\tsx\dist\register-D46fvsV_.cjs:4:1102)
    at Module._load (node:internal/modules/cjs/loader:922:27)
    at Module.require (node:internal/modules/cjs/loader:1143:19)
    at require (node:internal/modules/cjs/helpers:110:18)
    at Object.<anonymous> (D:\seodev\develope\node\shop_svc\src\routes\product\getProduct.js:17:5)
2025-10-24T04:29:26.950Z [[31merror[39m] uncaughtException: Cannot find module '../../lib/query/product'
Require stack:
- D:\seodev\develope\node\shop_svc\src\routes\product\getProduct.js
- D:\seodev\develope\node\shop_svc\src\routes\api\get.ts
- D:\seodev\develope\node\shop_svc\src\server.ts
Error: Cannot find module '../../lib/query/product'
Require stack:
- D:\seodev\develope\node\shop_svc\src\routes\product\getProduct.js
- D:\seodev\develope\node\shop_svc\src\routes\api\get.ts
- D:\seodev\develope\node\shop_svc\src\server.ts
    at Module._resolveFilename (node:internal/modules/cjs/loader:1077:15)
    at nextResolveSimple (C:\Users\black\AppData\Local\npm-cache\_npx\fd45a72a545557e9\node_modules\tsx\dist\register-D46fvsV_.cjs:4:1004)
    at C:\Users\black\AppData\Local\npm-cache\_npx\fd45a72a545557e9\node_modules\tsx\dist\register-D46fvsV_.cjs:3:2630
    at C:\Users\black\AppData\Local\npm-cache\_npx\fd45a72a545557e9\node_modules\tsx\dist\register-D46fvsV_.cjs:3:1542
    at resolveTsPaths (C:\Users\black\AppData\Local\npm-cache\_npx\fd45a72a545557e9\node_modules\tsx\dist\register-D46fvsV_.cjs:4:760)
    at Function._resolveFilename (C:\Users\black\AppData\Local\npm-cache\_npx\fd45a72a545557e9\node_modules\tsx\dist\register-D46fvsV_.cjs:4:1102)
    at Module._load (node:internal/modules/cjs/loader:922:27)
    at Module.require (node:internal/modules/cjs/loader:1143:19)
    at require (node:internal/modules/cjs/helpers:110:18)
    at Object.<anonymous> (D:\seodev\develope\node\shop_svc\src\routes\product\getProduct.js:17:5)
2025-10-24T04:29:42.916Z [[31merror[39m] uncaughtException: Cannot find module '../../lib/query/product'
Require stack:
- D:\seodev\develope\node\shop_svc\src\routes\product\getProduct.js
- D:\seodev\develope\node\shop_svc\src\routes\api\get.ts
- D:\seodev\develope\node\shop_svc\src\server.ts
Error: Cannot find module '../../lib/query/product'
Require stack:
- D:\seodev\develope\node\shop_svc\src\routes\product\getProduct.js
- D:\seodev\develope\node\shop_svc\src\routes\api\get.ts
- D:\seodev\develope\node\shop_svc\src\server.ts
    at Module._resolveFilename (node:internal/modules/cjs/loader:1077:15)
    at nextResolveSimple (C:\Users\black\AppData\Local\npm-cache\_npx\fd45a72a545557e9\node_modules\tsx\dist\register-D46fvsV_.cjs:4:1004)
    at C:\Users\black\AppData\Local\npm-cache\_npx\fd45a72a545557e9\node_modules\tsx\dist\register-D46fvsV_.cjs:3:2630
    at C:\Users\black\AppData\Local\npm-cache\_npx\fd45a72a545557e9\node_modules\tsx\dist\register-D46fvsV_.cjs:3:1542
    at resolveTsPaths (C:\Users\black\AppData\Local\npm-cache\_npx\fd45a72a545557e9\node_modules\tsx\dist\register-D46fvsV_.cjs:4:760)
    at Function._resolveFilename (C:\Users\black\AppData\Local\npm-cache\_npx\fd45a72a545557e9\node_modules\tsx\dist\register-D46fvsV_.cjs:4:1102)
    at Module._load (node:internal/modules/cjs/loader:922:27)
    at Module.require (node:internal/modules/cjs/loader:1143:19)
    at require (node:internal/modules/cjs/helpers:110:18)
    at Object.<anonymous> (D:\seodev\develope\node\shop_svc\src\routes\product\getProduct.js:17:5)
2025-10-24T04:29:49.210Z [[31merror[39m] uncaughtException: Cannot find module '../../lib/query/product'
Require stack:
- D:\seodev\develope\node\shop_svc\src\routes\product\getProduct.js
- D:\seodev\develope\node\shop_svc\src\routes\api\get.ts
- D:\seodev\develope\node\shop_svc\src\server.ts
Error: Cannot find module '../../lib/query/product'
Require stack:
- D:\seodev\develope\node\shop_svc\src\routes\product\getProduct.js
- D:\seodev\develope\node\shop_svc\src\routes\api\get.ts
- D:\seodev\develope\node\shop_svc\src\server.ts
    at Module._resolveFilename (node:internal/modules/cjs/loader:1077:15)
    at nextResolveSimple (C:\Users\black\AppData\Local\npm-cache\_npx\fd45a72a545557e9\node_modules\tsx\dist\register-D46fvsV_.cjs:4:1004)
    at C:\Users\black\AppData\Local\npm-cache\_npx\fd45a72a545557e9\node_modules\tsx\dist\register-D46fvsV_.cjs:3:2630
    at C:\Users\black\AppData\Local\npm-cache\_npx\fd45a72a545557e9\node_modules\tsx\dist\register-D46fvsV_.cjs:3:1542
    at resolveTsPaths (C:\Users\black\AppData\Local\npm-cache\_npx\fd45a72a545557e9\node_modules\tsx\dist\register-D46fvsV_.cjs:4:760)
    at Function._resolveFilename (C:\Users\black\AppData\Local\npm-cache\_npx\fd45a72a545557e9\node_modules\tsx\dist\register-D46fvsV_.cjs:4:1102)
    at Module._load (node:internal/modules/cjs/loader:922:27)
    at Module.require (node:internal/modules/cjs/loader:1143:19)
    at require (node:internal/modules/cjs/helpers:110:18)
    at Object.<anonymous> (D:\seodev\develope\node\shop_svc\src\routes\product\getProduct.js:17:5)
2025-10-24T04:29:54.652Z [[31merror[39m] uncaughtException: Cannot find module '../../lib/query/product'
Require stack:
- D:\seodev\develope\node\shop_svc\src\routes\product\getProduct.js
- D:\seodev\develope\node\shop_svc\src\routes\api\get.ts
- D:\seodev\develope\node\shop_svc\src\server.ts
Error: Cannot find module '../../lib/query/product'
Require stack:
- D:\seodev\develope\node\shop_svc\src\routes\product\getProduct.js
- D:\seodev\develope\node\shop_svc\src\routes\api\get.ts
- D:\seodev\develope\node\shop_svc\src\server.ts
    at Module._resolveFilename (node:internal/modules/cjs/loader:1077:15)
    at nextResolveSimple (C:\Users\black\AppData\Local\npm-cache\_npx\fd45a72a545557e9\node_modules\tsx\dist\register-D46fvsV_.cjs:4:1004)
    at C:\Users\black\AppData\Local\npm-cache\_npx\fd45a72a545557e9\node_modules\tsx\dist\register-D46fvsV_.cjs:3:2630
    at C:\Users\black\AppData\Local\npm-cache\_npx\fd45a72a545557e9\node_modules\tsx\dist\register-D46fvsV_.cjs:3:1542
    at resolveTsPaths (C:\Users\black\AppData\Local\npm-cache\_npx\fd45a72a545557e9\node_modules\tsx\dist\register-D46fvsV_.cjs:4:760)
    at Function._resolveFilename (C:\Users\black\AppData\Local\npm-cache\_npx\fd45a72a545557e9\node_modules\tsx\dist\register-D46fvsV_.cjs:4:1102)
    at Module._load (node:internal/modules/cjs/loader:922:27)
    at Module.require (node:internal/modules/cjs/loader:1143:19)
    at require (node:internal/modules/cjs/helpers:110:18)
    at Object.<anonymous> (D:\seodev\develope\node\shop_svc\src\routes\product\getProduct.js:17:5)
2025-10-24T04:29:55.917Z [[31merror[39m] uncaughtException: Cannot find module '../../lib/query/product'
Require stack:
- D:\seodev\develope\node\shop_svc\src\routes\product\getProduct.js
- D:\seodev\develope\node\shop_svc\src\routes\api\get.ts
- D:\seodev\develope\node\shop_svc\src\server.ts
Error: Cannot find module '../../lib/query/product'
Require stack:
- D:\seodev\develope\node\shop_svc\src\routes\product\getProduct.js
- D:\seodev\develope\node\shop_svc\src\routes\api\get.ts
- D:\seodev\develope\node\shop_svc\src\server.ts
    at Module._resolveFilename (node:internal/modules/cjs/loader:1077:15)
    at nextResolveSimple (C:\Users\black\AppData\Local\npm-cache\_npx\fd45a72a545557e9\node_modules\tsx\dist\register-D46fvsV_.cjs:4:1004)
    at C:\Users\black\AppData\Local\npm-cache\_npx\fd45a72a545557e9\node_modules\tsx\dist\register-D46fvsV_.cjs:3:2630
    at C:\Users\black\AppData\Local\npm-cache\_npx\fd45a72a545557e9\node_modules\tsx\dist\register-D46fvsV_.cjs:3:1542
    at resolveTsPaths (C:\Users\black\AppData\Local\npm-cache\_npx\fd45a72a545557e9\node_modules\tsx\dist\register-D46fvsV_.cjs:4:760)
    at Function._resolveFilename (C:\Users\black\AppData\Local\npm-cache\_npx\fd45a72a545557e9\node_modules\tsx\dist\register-D46fvsV_.cjs:4:1102)
    at Module._load (node:internal/modules/cjs/loader:922:27)
    at Module.require (node:internal/modules/cjs/loader:1143:19)
    at require (node:internal/modules/cjs/helpers:110:18)
    at Object.<anonymous> (D:\seodev\develope\node\shop_svc\src\routes\product\getProduct.js:17:5)
2025-10-24T04:30:01.595Z [[31merror[39m] uncaughtException: Cannot find module '../../lib/query/product'
Require stack:
- D:\seodev\develope\node\shop_svc\src\routes\product\getProduct.js
- D:\seodev\develope\node\shop_svc\src\routes\api\get.ts
- D:\seodev\develope\node\shop_svc\src\server.ts
Error: Cannot find module '../../lib/query/product'
Require stack:
- D:\seodev\develope\node\shop_svc\src\routes\product\getProduct.js
- D:\seodev\develope\node\shop_svc\src\routes\api\get.ts
- D:\seodev\develope\node\shop_svc\src\server.ts
    at Module._resolveFilename (node:internal/modules/cjs/loader:1077:15)
    at nextResolveSimple (C:\Users\black\AppData\Local\npm-cache\_npx\fd45a72a545557e9\node_modules\tsx\dist\register-D46fvsV_.cjs:4:1004)
    at C:\Users\black\AppData\Local\npm-cache\_npx\fd45a72a545557e9\node_modules\tsx\dist\register-D46fvsV_.cjs:3:2630
    at C:\Users\black\AppData\Local\npm-cache\_npx\fd45a72a545557e9\node_modules\tsx\dist\register-D46fvsV_.cjs:3:1542
    at resolveTsPaths (C:\Users\black\AppData\Local\npm-cache\_npx\fd45a72a545557e9\node_modules\tsx\dist\register-D46fvsV_.cjs:4:760)
    at Function._resolveFilename (C:\Users\black\AppData\Local\npm-cache\_npx\fd45a72a545557e9\node_modules\tsx\dist\register-D46fvsV_.cjs:4:1102)
    at Module._load (node:internal/modules/cjs/loader:922:27)
    at Module.require (node:internal/modules/cjs/loader:1143:19)
    at require (node:internal/modules/cjs/helpers:110:18)
    at Object.<anonymous> (D:\seodev\develope\node\shop_svc\src\routes\product\getProduct.js:17:5)
2025-10-24T04:30:08.469Z [[31merror[39m] uncaughtException: Cannot find module '../../lib/query/product'
Require stack:
- D:\seodev\develope\node\shop_svc\src\routes\product\getProduct.js
- D:\seodev\develope\node\shop_svc\src\routes\api\get.ts
- D:\seodev\develope\node\shop_svc\src\server.ts
Error: Cannot find module '../../lib/query/product'
Require stack:
- D:\seodev\develope\node\shop_svc\src\routes\product\getProduct.js
- D:\seodev\develope\node\shop_svc\src\routes\api\get.ts
- D:\seodev\develope\node\shop_svc\src\server.ts
    at Module._resolveFilename (node:internal/modules/cjs/loader:1077:15)
    at nextResolveSimple (C:\Users\black\AppData\Local\npm-cache\_npx\fd45a72a545557e9\node_modules\tsx\dist\register-D46fvsV_.cjs:4:1004)
    at C:\Users\black\AppData\Local\npm-cache\_npx\fd45a72a545557e9\node_modules\tsx\dist\register-D46fvsV_.cjs:3:2630
    at C:\Users\black\AppData\Local\npm-cache\_npx\fd45a72a545557e9\node_modules\tsx\dist\register-D46fvsV_.cjs:3:1542
    at resolveTsPaths (C:\Users\black\AppData\Local\npm-cache\_npx\fd45a72a545557e9\node_modules\tsx\dist\register-D46fvsV_.cjs:4:760)
    at Function._resolveFilename (C:\Users\black\AppData\Local\npm-cache\_npx\fd45a72a545557e9\node_modules\tsx\dist\register-D46fvsV_.cjs:4:1102)
    at Module._load (node:internal/modules/cjs/loader:922:27)
    at Module.require (node:internal/modules/cjs/loader:1143:19)
    at require (node:internal/modules/cjs/helpers:110:18)
    at Object.<anonymous> (D:\seodev\develope\node\shop_svc\src\routes\product\getProduct.js:17:5)
2025-10-24T04:30:33.917Z [[31merror[39m] uncaughtException: Cannot find module '../../lib/query/product'
Require stack:
- D:\seodev\develope\node\shop_svc\src\routes\product\getProduct.js
- D:\seodev\develope\node\shop_svc\src\routes\api\get.ts
- D:\seodev\develope\node\shop_svc\src\server.ts
Error: Cannot find module '../../lib/query/product'
Require stack:
- D:\seodev\develope\node\shop_svc\src\routes\product\getProduct.js
- D:\seodev\develope\node\shop_svc\src\routes\api\get.ts
- D:\seodev\develope\node\shop_svc\src\server.ts
    at Module._resolveFilename (node:internal/modules/cjs/loader:1077:15)
    at nextResolveSimple (C:\Users\black\AppData\Local\npm-cache\_npx\fd45a72a545557e9\node_modules\tsx\dist\register-D46fvsV_.cjs:4:1004)
    at C:\Users\black\AppData\Local\npm-cache\_npx\fd45a72a545557e9\node_modules\tsx\dist\register-D46fvsV_.cjs:3:2630
    at C:\Users\black\AppData\Local\npm-cache\_npx\fd45a72a545557e9\node_modules\tsx\dist\register-D46fvsV_.cjs:3:1542
    at resolveTsPaths (C:\Users\black\AppData\Local\npm-cache\_npx\fd45a72a545557e9\node_modules\tsx\dist\register-D46fvsV_.cjs:4:760)
    at Function._resolveFilename (C:\Users\black\AppData\Local\npm-cache\_npx\fd45a72a545557e9\node_modules\tsx\dist\register-D46fvsV_.cjs:4:1102)
    at Module._load (node:internal/modules/cjs/loader:922:27)
    at Module.require (node:internal/modules/cjs/loader:1143:19)
    at require (node:internal/modules/cjs/helpers:110:18)
    at Object.<anonymous> (D:\seodev\develope\node\shop_svc\src\routes\product\getProduct.js:17:5)
2025-10-24T04:30:35.759Z [[31merror[39m] uncaughtException: Cannot find module '../../lib/query/product'
Require stack:
- D:\seodev\develope\node\shop_svc\src\routes\product\getProduct.js
- D:\seodev\develope\node\shop_svc\src\routes\api\get.ts
- D:\seodev\develope\node\shop_svc\src\server.ts
Error: Cannot find module '../../lib/query/product'
Require stack:
- D:\seodev\develope\node\shop_svc\src\routes\product\getProduct.js
- D:\seodev\develope\node\shop_svc\src\routes\api\get.ts
- D:\seodev\develope\node\shop_svc\src\server.ts
    at Module._resolveFilename (node:internal/modules/cjs/loader:1077:15)
    at nextResolveSimple (C:\Users\black\AppData\Local\npm-cache\_npx\fd45a72a545557e9\node_modules\tsx\dist\register-D46fvsV_.cjs:4:1004)
    at C:\Users\black\AppData\Local\npm-cache\_npx\fd45a72a545557e9\node_modules\tsx\dist\register-D46fvsV_.cjs:3:2630
    at C:\Users\black\AppData\Local\npm-cache\_npx\fd45a72a545557e9\node_modules\tsx\dist\register-D46fvsV_.cjs:3:1542
    at resolveTsPaths (C:\Users\black\AppData\Local\npm-cache\_npx\fd45a72a545557e9\node_modules\tsx\dist\register-D46fvsV_.cjs:4:760)
    at Function._resolveFilename (C:\Users\black\AppData\Local\npm-cache\_npx\fd45a72a545557e9\node_modules\tsx\dist\register-D46fvsV_.cjs:4:1102)
    at Module._load (node:internal/modules/cjs/loader:922:27)
    at Module.require (node:internal/modules/cjs/loader:1143:19)
    at require (node:internal/modules/cjs/helpers:110:18)
    at Object.<anonymous> (D:\seodev\develope\node\shop_svc\src\routes\product\getProduct.js:17:5)
2025-10-24T04:30:40.316Z [[31merror[39m] uncaughtException: Cannot find module '../../lib/query/product'
Require stack:
- D:\seodev\develope\node\shop_svc\src\routes\product\getProduct.js
- D:\seodev\develope\node\shop_svc\src\routes\api\get.ts
- D:\seodev\develope\node\shop_svc\src\server.ts
Error: Cannot find module '../../lib/query/product'
Require stack:
- D:\seodev\develope\node\shop_svc\src\routes\product\getProduct.js
- D:\seodev\develope\node\shop_svc\src\routes\api\get.ts
- D:\seodev\develope\node\shop_svc\src\server.ts
    at Module._resolveFilename (node:internal/modules/cjs/loader:1077:15)
    at nextResolveSimple (C:\Users\black\AppData\Local\npm-cache\_npx\fd45a72a545557e9\node_modules\tsx\dist\register-D46fvsV_.cjs:4:1004)
    at C:\Users\black\AppData\Local\npm-cache\_npx\fd45a72a545557e9\node_modules\tsx\dist\register-D46fvsV_.cjs:3:2630
    at C:\Users\black\AppData\Local\npm-cache\_npx\fd45a72a545557e9\node_modules\tsx\dist\register-D46fvsV_.cjs:3:1542
    at resolveTsPaths (C:\Users\black\AppData\Local\npm-cache\_npx\fd45a72a545557e9\node_modules\tsx\dist\register-D46fvsV_.cjs:4:760)
    at Function._resolveFilename (C:\Users\black\AppData\Local\npm-cache\_npx\fd45a72a545557e9\node_modules\tsx\dist\register-D46fvsV_.cjs:4:1102)
    at Module._load (node:internal/modules/cjs/loader:922:27)
    at Module.require (node:internal/modules/cjs/loader:1143:19)
    at require (node:internal/modules/cjs/helpers:110:18)
    at Object.<anonymous> (D:\seodev\develope\node\shop_svc\src\routes\product\getProduct.js:17:5)
2025-10-24T04:30:48.835Z [[31merror[39m] uncaughtException: Cannot find module '../../lib/query/product'
Require stack:
- D:\seodev\develope\node\shop_svc\src\routes\product\getProduct.js
- D:\seodev\develope\node\shop_svc\src\routes\api\get.ts
- D:\seodev\develope\node\shop_svc\src\server.ts
Error: Cannot find module '../../lib/query/product'
Require stack:
- D:\seodev\develope\node\shop_svc\src\routes\product\getProduct.js
- D:\seodev\develope\node\shop_svc\src\routes\api\get.ts
- D:\seodev\develope\node\shop_svc\src\server.ts
    at Module._resolveFilename (node:internal/modules/cjs/loader:1077:15)
    at nextResolveSimple (C:\Users\black\AppData\Local\npm-cache\_npx\fd45a72a545557e9\node_modules\tsx\dist\register-D46fvsV_.cjs:4:1004)
    at C:\Users\black\AppData\Local\npm-cache\_npx\fd45a72a545557e9\node_modules\tsx\dist\register-D46fvsV_.cjs:3:2630
    at C:\Users\black\AppData\Local\npm-cache\_npx\fd45a72a545557e9\node_modules\tsx\dist\register-D46fvsV_.cjs:3:1542
    at resolveTsPaths (C:\Users\black\AppData\Local\npm-cache\_npx\fd45a72a545557e9\node_modules\tsx\dist\register-D46fvsV_.cjs:4:760)
    at Function._resolveFilename (C:\Users\black\AppData\Local\npm-cache\_npx\fd45a72a545557e9\node_modules\tsx\dist\register-D46fvsV_.cjs:4:1102)
    at Module._load (node:internal/modules/cjs/loader:922:27)
    at Module.require (node:internal/modules/cjs/loader:1143:19)
    at require (node:internal/modules/cjs/helpers:110:18)
    at Object.<anonymous> (D:\seodev\develope\node\shop_svc\src\routes\product\getProduct.js:17:5)
2025-10-24T04:30:56.176Z [[31merror[39m] uncaughtException: Cannot find module '../../lib/query/product'
Require stack:
- D:\seodev\develope\node\shop_svc\src\routes\product\getProduct.js
- D:\seodev\develope\node\shop_svc\src\routes\api\get.ts
- D:\seodev\develope\node\shop_svc\src\server.ts
Error: Cannot find module '../../lib/query/product'
Require stack:
- D:\seodev\develope\node\shop_svc\src\routes\product\getProduct.js
- D:\seodev\develope\node\shop_svc\src\routes\api\get.ts
- D:\seodev\develope\node\shop_svc\src\server.ts
    at Module._resolveFilename (node:internal/modules/cjs/loader:1077:15)
    at nextResolveSimple (C:\Users\black\AppData\Local\npm-cache\_npx\fd45a72a545557e9\node_modules\tsx\dist\register-D46fvsV_.cjs:4:1004)
    at C:\Users\black\AppData\Local\npm-cache\_npx\fd45a72a545557e9\node_modules\tsx\dist\register-D46fvsV_.cjs:3:2630
    at C:\Users\black\AppData\Local\npm-cache\_npx\fd45a72a545557e9\node_modules\tsx\dist\register-D46fvsV_.cjs:3:1542
    at resolveTsPaths (C:\Users\black\AppData\Local\npm-cache\_npx\fd45a72a545557e9\node_modules\tsx\dist\register-D46fvsV_.cjs:4:760)
    at Function._resolveFilename (C:\Users\black\AppData\Local\npm-cache\_npx\fd45a72a545557e9\node_modules\tsx\dist\register-D46fvsV_.cjs:4:1102)
    at Module._load (node:internal/modules/cjs/loader:922:27)
    at Module.require (node:internal/modules/cjs/loader:1143:19)
    at require (node:internal/modules/cjs/helpers:110:18)
    at Object.<anonymous> (D:\seodev\develope\node\shop_svc\src\routes\product\getProduct.js:17:5)
2025-10-24T04:31:00.563Z [[31merror[39m] uncaughtException: Cannot find module '../../lib/query/product'
Require stack:
- D:\seodev\develope\node\shop_svc\src\routes\product\getProduct.js
- D:\seodev\develope\node\shop_svc\src\routes\api\get.ts
- D:\seodev\develope\node\shop_svc\src\server.ts
Error: Cannot find module '../../lib/query/product'
Require stack:
- D:\seodev\develope\node\shop_svc\src\routes\product\getProduct.js
- D:\seodev\develope\node\shop_svc\src\routes\api\get.ts
- D:\seodev\develope\node\shop_svc\src\server.ts
    at Module._resolveFilename (node:internal/modules/cjs/loader:1077:15)
    at nextResolveSimple (C:\Users\black\AppData\Local\npm-cache\_npx\fd45a72a545557e9\node_modules\tsx\dist\register-D46fvsV_.cjs:4:1004)
    at C:\Users\black\AppData\Local\npm-cache\_npx\fd45a72a545557e9\node_modules\tsx\dist\register-D46fvsV_.cjs:3:2630
    at C:\Users\black\AppData\Local\npm-cache\_npx\fd45a72a545557e9\node_modules\tsx\dist\register-D46fvsV_.cjs:3:1542
    at resolveTsPaths (C:\Users\black\AppData\Local\npm-cache\_npx\fd45a72a545557e9\node_modules\tsx\dist\register-D46fvsV_.cjs:4:760)
    at Function._resolveFilename (C:\Users\black\AppData\Local\npm-cache\_npx\fd45a72a545557e9\node_modules\tsx\dist\register-D46fvsV_.cjs:4:1102)
    at Module._load (node:internal/modules/cjs/loader:922:27)
    at Module.require (node:internal/modules/cjs/loader:1143:19)
    at require (node:internal/modules/cjs/helpers:110:18)
    at Object.<anonymous> (D:\seodev\develope\node\shop_svc\src\routes\product\getProduct.js:17:5)
2025-10-24T04:31:48.634Z [[31merror[39m] uncaughtException: Cannot find module '../../lib/query/product'
Require stack:
- D:\seodev\develope\node\shop_svc\src\routes\product\getProduct.js
- D:\seodev\develope\node\shop_svc\src\routes\api\get.ts
- D:\seodev\develope\node\shop_svc\src\server.ts
Error: Cannot find module '../../lib/query/product'
Require stack:
- D:\seodev\develope\node\shop_svc\src\routes\product\getProduct.js
- D:\seodev\develope\node\shop_svc\src\routes\api\get.ts
- D:\seodev\develope\node\shop_svc\src\server.ts
    at Module._resolveFilename (node:internal/modules/cjs/loader:1077:15)
    at nextResolveSimple (C:\Users\black\AppData\Local\npm-cache\_npx\fd45a72a545557e9\node_modules\tsx\dist\register-D46fvsV_.cjs:4:1004)
    at C:\Users\black\AppData\Local\npm-cache\_npx\fd45a72a545557e9\node_modules\tsx\dist\register-D46fvsV_.cjs:3:2630
    at C:\Users\black\AppData\Local\npm-cache\_npx\fd45a72a545557e9\node_modules\tsx\dist\register-D46fvsV_.cjs:3:1542
    at resolveTsPaths (C:\Users\black\AppData\Local\npm-cache\_npx\fd45a72a545557e9\node_modules\tsx\dist\register-D46fvsV_.cjs:4:760)
    at Function._resolveFilename (C:\Users\black\AppData\Local\npm-cache\_npx\fd45a72a545557e9\node_modules\tsx\dist\register-D46fvsV_.cjs:4:1102)
    at Module._load (node:internal/modules/cjs/loader:922:27)
    at Module.require (node:internal/modules/cjs/loader:1143:19)
    at require (node:internal/modules/cjs/helpers:110:18)
    at Object.<anonymous> (D:\seodev\develope\node\shop_svc\src\routes\product\getProduct.js:17:5)
2025-10-24T04:33:40.163Z [[31merror[39m] uncaughtException: Cannot find module '../../lib/query/product'
Require stack:
- D:\seodev\develope\node\shop_svc\src\routes\product\getProduct.js
- D:\seodev\develope\node\shop_svc\src\routes\api\get.ts
- D:\seodev\develope\node\shop_svc\src\server.ts
Error: Cannot find module '../../lib/query/product'
Require stack:
- D:\seodev\develope\node\shop_svc\src\routes\product\getProduct.js
- D:\seodev\develope\node\shop_svc\src\routes\api\get.ts
- D:\seodev\develope\node\shop_svc\src\server.ts
    at Module._resolveFilename (node:internal/modules/cjs/loader:1077:15)
    at nextResolveSimple (C:\Users\black\AppData\Local\npm-cache\_npx\fd45a72a545557e9\node_modules\tsx\dist\register-D46fvsV_.cjs:4:1004)
    at C:\Users\black\AppData\Local\npm-cache\_npx\fd45a72a545557e9\node_modules\tsx\dist\register-D46fvsV_.cjs:3:2630
    at C:\Users\black\AppData\Local\npm-cache\_npx\fd45a72a545557e9\node_modules\tsx\dist\register-D46fvsV_.cjs:3:1542
    at resolveTsPaths (C:\Users\black\AppData\Local\npm-cache\_npx\fd45a72a545557e9\node_modules\tsx\dist\register-D46fvsV_.cjs:4:760)
    at Function._resolveFilename (C:\Users\black\AppData\Local\npm-cache\_npx\fd45a72a545557e9\node_modules\tsx\dist\register-D46fvsV_.cjs:4:1102)
    at Module._load (node:internal/modules/cjs/loader:922:27)
    at Module.require (node:internal/modules/cjs/loader:1143:19)
    at require (node:internal/modules/cjs/helpers:110:18)
    at Object.<anonymous> (D:\seodev\develope\node\shop_svc\src\routes\product\getProduct.js:17:5)
2025-10-24T04:34:53.965Z [[31merror[39m] uncaughtException: Cannot find module '../../lib/query/product'
Require stack:
- D:\seodev\develope\node\shop_svc\src\routes\product\getProduct.js
- D:\seodev\develope\node\shop_svc\src\routes\api\get.ts
- D:\seodev\develope\node\shop_svc\src\server.ts
Error: Cannot find module '../../lib/query/product'
Require stack:
- D:\seodev\develope\node\shop_svc\src\routes\product\getProduct.js
- D:\seodev\develope\node\shop_svc\src\routes\api\get.ts
- D:\seodev\develope\node\shop_svc\src\server.ts
    at Module._resolveFilename (node:internal/modules/cjs/loader:1077:15)
    at nextResolveSimple (C:\Users\black\AppData\Local\npm-cache\_npx\fd45a72a545557e9\node_modules\tsx\dist\register-D46fvsV_.cjs:4:1004)
    at C:\Users\black\AppData\Local\npm-cache\_npx\fd45a72a545557e9\node_modules\tsx\dist\register-D46fvsV_.cjs:3:2630
    at C:\Users\black\AppData\Local\npm-cache\_npx\fd45a72a545557e9\node_modules\tsx\dist\register-D46fvsV_.cjs:3:1542
    at resolveTsPaths (C:\Users\black\AppData\Local\npm-cache\_npx\fd45a72a545557e9\node_modules\tsx\dist\register-D46fvsV_.cjs:4:760)
    at Function._resolveFilename (C:\Users\black\AppData\Local\npm-cache\_npx\fd45a72a545557e9\node_modules\tsx\dist\register-D46fvsV_.cjs:4:1102)
    at Module._load (node:internal/modules/cjs/loader:922:27)
    at Module.require (node:internal/modules/cjs/loader:1143:19)
    at require (node:internal/modules/cjs/helpers:110:18)
    at Object.<anonymous> (D:\seodev\develope\node\shop_svc\src\routes\product\getProduct.js:17:5)
2025-10-24T04:35:28.135Z [[31merror[39m] uncaughtException: Cannot find module '../../lib/query/product'
Require stack:
- D:\seodev\develope\node\shop_svc\src\routes\product\getProduct.js
- D:\seodev\develope\node\shop_svc\src\routes\api\get.ts
- D:\seodev\develope\node\shop_svc\src\server.ts
Error: Cannot find module '../../lib/query/product'
Require stack:
- D:\seodev\develope\node\shop_svc\src\routes\product\getProduct.js
- D:\seodev\develope\node\shop_svc\src\routes\api\get.ts
- D:\seodev\develope\node\shop_svc\src\server.ts
    at Module._resolveFilename (node:internal/modules/cjs/loader:1077:15)
    at nextResolveSimple (C:\Users\black\AppData\Local\npm-cache\_npx\fd45a72a545557e9\node_modules\tsx\dist\register-D46fvsV_.cjs:4:1004)
    at C:\Users\black\AppData\Local\npm-cache\_npx\fd45a72a545557e9\node_modules\tsx\dist\register-D46fvsV_.cjs:3:2630
    at C:\Users\black\AppData\Local\npm-cache\_npx\fd45a72a545557e9\node_modules\tsx\dist\register-D46fvsV_.cjs:3:1542
    at resolveTsPaths (C:\Users\black\AppData\Local\npm-cache\_npx\fd45a72a545557e9\node_modules\tsx\dist\register-D46fvsV_.cjs:4:760)
    at Function._resolveFilename (C:\Users\black\AppData\Local\npm-cache\_npx\fd45a72a545557e9\node_modules\tsx\dist\register-D46fvsV_.cjs:4:1102)
    at Module._load (node:internal/modules/cjs/loader:922:27)
    at Module.require (node:internal/modules/cjs/loader:1143:19)
    at require (node:internal/modules/cjs/helpers:110:18)
    at Object.<anonymous> (D:\seodev\develope\node\shop_svc\src\routes\product\getProduct.js:17:5)
2025-10-24T04:35:32.256Z [[31merror[39m] uncaughtException: Cannot find module '../../lib/query/product'
Require stack:
- D:\seodev\develope\node\shop_svc\src\routes\product\getProduct.js
- D:\seodev\develope\node\shop_svc\src\routes\api\get.ts
- D:\seodev\develope\node\shop_svc\src\server.ts
Error: Cannot find module '../../lib/query/product'
Require stack:
- D:\seodev\develope\node\shop_svc\src\routes\product\getProduct.js
- D:\seodev\develope\node\shop_svc\src\routes\api\get.ts
- D:\seodev\develope\node\shop_svc\src\server.ts
    at Module._resolveFilename (node:internal/modules/cjs/loader:1077:15)
    at nextResolveSimple (C:\Users\black\AppData\Local\npm-cache\_npx\fd45a72a545557e9\node_modules\tsx\dist\register-D46fvsV_.cjs:4:1004)
    at C:\Users\black\AppData\Local\npm-cache\_npx\fd45a72a545557e9\node_modules\tsx\dist\register-D46fvsV_.cjs:3:2630
    at C:\Users\black\AppData\Local\npm-cache\_npx\fd45a72a545557e9\node_modules\tsx\dist\register-D46fvsV_.cjs:3:1542
    at resolveTsPaths (C:\Users\black\AppData\Local\npm-cache\_npx\fd45a72a545557e9\node_modules\tsx\dist\register-D46fvsV_.cjs:4:760)
    at Function._resolveFilename (C:\Users\black\AppData\Local\npm-cache\_npx\fd45a72a545557e9\node_modules\tsx\dist\register-D46fvsV_.cjs:4:1102)
    at Module._load (node:internal/modules/cjs/loader:922:27)
    at Module.require (node:internal/modules/cjs/loader:1143:19)
    at require (node:internal/modules/cjs/helpers:110:18)
    at Object.<anonymous> (D:\seodev\develope\node\shop_svc\src\routes\product\getProduct.js:17:5)
2025-10-24T04:35:39.987Z [[31merror[39m] uncaughtException: Cannot find module '../../lib/query/product'
Require stack:
- D:\seodev\develope\node\shop_svc\src\routes\product\getProduct.js
- D:\seodev\develope\node\shop_svc\src\routes\api\get.ts
- D:\seodev\develope\node\shop_svc\src\server.ts
Error: Cannot find module '../../lib/query/product'
Require stack:
- D:\seodev\develope\node\shop_svc\src\routes\product\getProduct.js
- D:\seodev\develope\node\shop_svc\src\routes\api\get.ts
- D:\seodev\develope\node\shop_svc\src\server.ts
    at Module._resolveFilename (node:internal/modules/cjs/loader:1077:15)
    at nextResolveSimple (C:\Users\black\AppData\Local\npm-cache\_npx\fd45a72a545557e9\node_modules\tsx\dist\register-D46fvsV_.cjs:4:1004)
    at C:\Users\black\AppData\Local\npm-cache\_npx\fd45a72a545557e9\node_modules\tsx\dist\register-D46fvsV_.cjs:3:2630
    at C:\Users\black\AppData\Local\npm-cache\_npx\fd45a72a545557e9\node_modules\tsx\dist\register-D46fvsV_.cjs:3:1542
    at resolveTsPaths (C:\Users\black\AppData\Local\npm-cache\_npx\fd45a72a545557e9\node_modules\tsx\dist\register-D46fvsV_.cjs:4:760)
    at Function._resolveFilename (C:\Users\black\AppData\Local\npm-cache\_npx\fd45a72a545557e9\node_modules\tsx\dist\register-D46fvsV_.cjs:4:1102)
    at Module._load (node:internal/modules/cjs/loader:922:27)
    at Module.require (node:internal/modules/cjs/loader:1143:19)
    at require (node:internal/modules/cjs/helpers:110:18)
    at Object.<anonymous> (D:\seodev\develope\node\shop_svc\src\routes\product\getProduct.js:17:5)
2025-10-24T04:36:37.377Z [[31merror[39m] uncaughtException: Cannot find module '../../lib/query/product'
Require stack:
- D:\seodev\develope\node\shop_svc\src\routes\product\getProduct.js
- D:\seodev\develope\node\shop_svc\src\routes\api\get.ts
- D:\seodev\develope\node\shop_svc\src\server.ts
Error: Cannot find module '../../lib/query/product'
Require stack:
- D:\seodev\develope\node\shop_svc\src\routes\product\getProduct.js
- D:\seodev\develope\node\shop_svc\src\routes\api\get.ts
- D:\seodev\develope\node\shop_svc\src\server.ts
    at Module._resolveFilename (node:internal/modules/cjs/loader:1077:15)
    at nextResolveSimple (C:\Users\black\AppData\Local\npm-cache\_npx\fd45a72a545557e9\node_modules\tsx\dist\register-D46fvsV_.cjs:4:1004)
    at C:\Users\black\AppData\Local\npm-cache\_npx\fd45a72a545557e9\node_modules\tsx\dist\register-D46fvsV_.cjs:3:2630
    at C:\Users\black\AppData\Local\npm-cache\_npx\fd45a72a545557e9\node_modules\tsx\dist\register-D46fvsV_.cjs:3:1542
    at resolveTsPaths (C:\Users\black\AppData\Local\npm-cache\_npx\fd45a72a545557e9\node_modules\tsx\dist\register-D46fvsV_.cjs:4:760)
    at Function._resolveFilename (C:\Users\black\AppData\Local\npm-cache\_npx\fd45a72a545557e9\node_modules\tsx\dist\register-D46fvsV_.cjs:4:1102)
    at Module._load (node:internal/modules/cjs/loader:922:27)
    at Module.require (node:internal/modules/cjs/loader:1143:19)
    at require (node:internal/modules/cjs/helpers:110:18)
    at Object.<anonymous> (D:\seodev\develope\node\shop_svc\src\routes\product\getProduct.js:17:5)
2025-10-24T04:36:40.328Z [[31merror[39m] uncaughtException: Cannot find module '../../lib/query/product'
Require stack:
- D:\seodev\develope\node\shop_svc\src\routes\product\getProduct.js
- D:\seodev\develope\node\shop_svc\src\routes\api\get.ts
- D:\seodev\develope\node\shop_svc\src\server.ts
Error: Cannot find module '../../lib/query/product'
Require stack:
- D:\seodev\develope\node\shop_svc\src\routes\product\getProduct.js
- D:\seodev\develope\node\shop_svc\src\routes\api\get.ts
- D:\seodev\develope\node\shop_svc\src\server.ts
    at Module._resolveFilename (node:internal/modules/cjs/loader:1077:15)
    at nextResolveSimple (C:\Users\black\AppData\Local\npm-cache\_npx\fd45a72a545557e9\node_modules\tsx\dist\register-D46fvsV_.cjs:4:1004)
    at C:\Users\black\AppData\Local\npm-cache\_npx\fd45a72a545557e9\node_modules\tsx\dist\register-D46fvsV_.cjs:3:2630
    at C:\Users\black\AppData\Local\npm-cache\_npx\fd45a72a545557e9\node_modules\tsx\dist\register-D46fvsV_.cjs:3:1542
    at resolveTsPaths (C:\Users\black\AppData\Local\npm-cache\_npx\fd45a72a545557e9\node_modules\tsx\dist\register-D46fvsV_.cjs:4:760)
    at Function._resolveFilename (C:\Users\black\AppData\Local\npm-cache\_npx\fd45a72a545557e9\node_modules\tsx\dist\register-D46fvsV_.cjs:4:1102)
    at Module._load (node:internal/modules/cjs/loader:922:27)
    at Module.require (node:internal/modules/cjs/loader:1143:19)
    at require (node:internal/modules/cjs/helpers:110:18)
    at Object.<anonymous> (D:\seodev\develope\node\shop_svc\src\routes\product\getProduct.js:17:5)
2025-10-24T04:40:39.983Z [[31merror[39m] uncaughtException: Cannot find module '../../lib/query/product'
Require stack:
- D:\seodev\develope\node\shop_svc\src\routes\product\getProduct.js
- D:\seodev\develope\node\shop_svc\src\routes\api\get.ts
- D:\seodev\develope\node\shop_svc\src\server.ts
Error: Cannot find module '../../lib/query/product'
Require stack:
- D:\seodev\develope\node\shop_svc\src\routes\product\getProduct.js
- D:\seodev\develope\node\shop_svc\src\routes\api\get.ts
- D:\seodev\develope\node\shop_svc\src\server.ts
    at Module._resolveFilename (node:internal/modules/cjs/loader:1077:15)
    at nextResolveSimple (C:\Users\black\AppData\Local\npm-cache\_npx\fd45a72a545557e9\node_modules\tsx\dist\register-D46fvsV_.cjs:4:1004)
    at C:\Users\black\AppData\Local\npm-cache\_npx\fd45a72a545557e9\node_modules\tsx\dist\register-D46fvsV_.cjs:3:2630
    at C:\Users\black\AppData\Local\npm-cache\_npx\fd45a72a545557e9\node_modules\tsx\dist\register-D46fvsV_.cjs:3:1542
    at resolveTsPaths (C:\Users\black\AppData\Local\npm-cache\_npx\fd45a72a545557e9\node_modules\tsx\dist\register-D46fvsV_.cjs:4:760)
    at Function._resolveFilename (C:\Users\black\AppData\Local\npm-cache\_npx\fd45a72a545557e9\node_modules\tsx\dist\register-D46fvsV_.cjs:4:1102)
    at Module._load (node:internal/modules/cjs/loader:922:27)
    at Module.require (node:internal/modules/cjs/loader:1143:19)
    at require (node:internal/modules/cjs/helpers:110:18)
    at Object.<anonymous> (D:\seodev\develope\node\shop_svc\src\routes\product\getProduct.js:17:5)
2025-10-24T04:40:45.783Z [[31merror[39m] uncaughtException: Cannot find module '../../lib/query/product'
Require stack:
- D:\seodev\develope\node\shop_svc\src\routes\product\getProduct.js
- D:\seodev\develope\node\shop_svc\src\routes\api\get.ts
- D:\seodev\develope\node\shop_svc\src\server.ts
Error: Cannot find module '../../lib/query/product'
Require stack:
- D:\seodev\develope\node\shop_svc\src\routes\product\getProduct.js
- D:\seodev\develope\node\shop_svc\src\routes\api\get.ts
- D:\seodev\develope\node\shop_svc\src\server.ts
    at Module._resolveFilename (node:internal/modules/cjs/loader:1077:15)
    at nextResolveSimple (C:\Users\black\AppData\Local\npm-cache\_npx\fd45a72a545557e9\node_modules\tsx\dist\register-D46fvsV_.cjs:4:1004)
    at C:\Users\black\AppData\Local\npm-cache\_npx\fd45a72a545557e9\node_modules\tsx\dist\register-D46fvsV_.cjs:3:2630
    at C:\Users\black\AppData\Local\npm-cache\_npx\fd45a72a545557e9\node_modules\tsx\dist\register-D46fvsV_.cjs:3:1542
    at resolveTsPaths (C:\Users\black\AppData\Local\npm-cache\_npx\fd45a72a545557e9\node_modules\tsx\dist\register-D46fvsV_.cjs:4:760)
    at Function._resolveFilename (C:\Users\black\AppData\Local\npm-cache\_npx\fd45a72a545557e9\node_modules\tsx\dist\register-D46fvsV_.cjs:4:1102)
    at Module._load (node:internal/modules/cjs/loader:922:27)
    at Module.require (node:internal/modules/cjs/loader:1143:19)
    at require (node:internal/modules/cjs/helpers:110:18)
    at Object.<anonymous> (D:\seodev\develope\node\shop_svc\src\routes\product\getProduct.js:17:5)
2025-10-24T04:41:01.959Z [[31merror[39m] uncaughtException: Cannot find module '../../lib/query/product'
Require stack:
- D:\seodev\develope\node\shop_svc\src\routes\product\getProduct.js
- D:\seodev\develope\node\shop_svc\src\routes\api\get.ts
- D:\seodev\develope\node\shop_svc\src\server.ts
Error: Cannot find module '../../lib/query/product'
Require stack:
- D:\seodev\develope\node\shop_svc\src\routes\product\getProduct.js
- D:\seodev\develope\node\shop_svc\src\routes\api\get.ts
- D:\seodev\develope\node\shop_svc\src\server.ts
    at Module._resolveFilename (node:internal/modules/cjs/loader:1077:15)
    at nextResolveSimple (C:\Users\black\AppData\Local\npm-cache\_npx\fd45a72a545557e9\node_modules\tsx\dist\register-D46fvsV_.cjs:4:1004)
    at C:\Users\black\AppData\Local\npm-cache\_npx\fd45a72a545557e9\node_modules\tsx\dist\register-D46fvsV_.cjs:3:2630
    at C:\Users\black\AppData\Local\npm-cache\_npx\fd45a72a545557e9\node_modules\tsx\dist\register-D46fvsV_.cjs:3:1542
    at resolveTsPaths (C:\Users\black\AppData\Local\npm-cache\_npx\fd45a72a545557e9\node_modules\tsx\dist\register-D46fvsV_.cjs:4:760)
    at Function._resolveFilename (C:\Users\black\AppData\Local\npm-cache\_npx\fd45a72a545557e9\node_modules\tsx\dist\register-D46fvsV_.cjs:4:1102)
    at Module._load (node:internal/modules/cjs/loader:922:27)
    at Module.require (node:internal/modules/cjs/loader:1143:19)
    at require (node:internal/modules/cjs/helpers:110:18)
    at Object.<anonymous> (D:\seodev\develope\node\shop_svc\src\routes\product\getProduct.js:17:5)
2025-10-24T04:57:39.132Z [[31merror[39m] uncaughtException: Cannot find module '../../lib/query/oauth'
Require stack:
- D:\seodev\develope\node\shop_svc\src\routes\mail\mail.js
- D:\seodev\develope\node\shop_svc\src\routes\api\post.ts
- D:\seodev\develope\node\shop_svc\src\server.ts
Error: Cannot find module '../../lib/query/oauth'
Require stack:
- D:\seodev\develope\node\shop_svc\src\routes\mail\mail.js
- D:\seodev\develope\node\shop_svc\src\routes\api\post.ts
- D:\seodev\develope\node\shop_svc\src\server.ts
    at Module._resolveFilename (node:internal/modules/cjs/loader:1077:15)
    at nextResolveSimple (C:\Users\black\AppData\Local\npm-cache\_npx\fd45a72a545557e9\node_modules\tsx\dist\register-D46fvsV_.cjs:4:1004)
    at C:\Users\black\AppData\Local\npm-cache\_npx\fd45a72a545557e9\node_modules\tsx\dist\register-D46fvsV_.cjs:3:2630
    at C:\Users\black\AppData\Local\npm-cache\_npx\fd45a72a545557e9\node_modules\tsx\dist\register-D46fvsV_.cjs:3:1542
    at resolveTsPaths (C:\Users\black\AppData\Local\npm-cache\_npx\fd45a72a545557e9\node_modules\tsx\dist\register-D46fvsV_.cjs:4:760)
    at Function._resolveFilename (C:\Users\black\AppData\Local\npm-cache\_npx\fd45a72a545557e9\node_modules\tsx\dist\register-D46fvsV_.cjs:4:1102)
    at Module._load (node:internal/modules/cjs/loader:922:27)
    at Module.require (node:internal/modules/cjs/loader:1143:19)
    at require (node:internal/modules/cjs/helpers:110:18)
    at Object.<anonymous> (D:\seodev\develope\node\shop_svc\src\routes\mail\mail.js:2:29)
2025-10-24T04:57:42.726Z [[31merror[39m] uncaughtException: Router.use() requires a middleware function but got a Object
TypeError: Router.use() requires a middleware function but got a Object
    at Function.use (D:\seodev\develope\node\shop_svc\node_modules\express\lib\router\index.js:469:13)
    at Function.<anonymous> (D:\seodev\develope\node\shop_svc\node_modules\express\lib\application.js:227:21)
    at Array.forEach (<anonymous>)
    at Function.use (D:\seodev\develope\node\shop_svc\node_modules\express\lib\application.js:224:7)
    at https (d:\seodev\develope\node\shop_svc\src\server.ts:50:5)
    at Object.<anonymous> (d:\seodev\develope\node\shop_svc\src\server.ts:60:2)
    at Module._compile (node:internal/modules/cjs/loader:1256:14)
    at Object.transformer (C:\Users\black\AppData\Local\npm-cache\_npx\fd45a72a545557e9\node_modules\tsx\dist\register-D46fvsV_.cjs:3:1104)
    at Module.load (node:internal/modules/cjs/loader:1119:32)
    at Module._load (node:internal/modules/cjs/loader:960:12)
2025-10-24T05:04:30.708Z [[31merror[39m] uncaughtException: Transform failed with 1 error:
D:\seodev\develope\node\shop_svc\src\routes\api\get.ts:46:92: ERROR: Expected ">" but found ":"
Error: Transform failed with 1 error:
D:\seodev\develope\node\shop_svc\src\routes\api\get.ts:46:92: ERROR: Expected ">" but found ":"
    at failureErrorWithLog (C:\Users\black\AppData\Local\npm-cache\_npx\fd45a72a545557e9\node_modules\esbuild\lib\main.js:1467:15)
    at C:\Users\black\AppData\Local\npm-cache\_npx\fd45a72a545557e9\node_modules\esbuild\lib\main.js:736:50
    at responseCallbacks.<computed> (C:\Users\black\AppData\Local\npm-cache\_npx\fd45a72a545557e9\node_modules\esbuild\lib\main.js:603:9)
    at handleIncomingPacket (C:\Users\black\AppData\Local\npm-cache\_npx\fd45a72a545557e9\node_modules\esbuild\lib\main.js:658:12)
    at Socket.readFromStdout (C:\Users\black\AppData\Local\npm-cache\_npx\fd45a72a545557e9\node_modules\esbuild\lib\main.js:581:7)
    at Socket.emit (node:events:514:28)
    at addChunk (node:internal/streams/readable:324:12)
    at readableAddChunk (node:internal/streams/readable:297:9)
    at Readable.push (node:internal/streams/readable:234:10)
    at Pipe.onStreamRead (node:internal/stream_base_commons:190:23)
2025-10-24T05:04:34.217Z [[31merror[39m] uncaughtException: Router.use() requires a middleware function but got a Object
TypeError: Router.use() requires a middleware function but got a Object
    at Function.use (D:\seodev\develope\node\shop_svc\node_modules\express\lib\router\index.js:469:13)
    at Function.<anonymous> (D:\seodev\develope\node\shop_svc\node_modules\express\lib\application.js:227:21)
    at Array.forEach (<anonymous>)
    at Function.use (D:\seodev\develope\node\shop_svc\node_modules\express\lib\application.js:224:7)
    at https (d:\seodev\develope\node\shop_svc\src\server.ts:50:5)
    at Object.<anonymous> (d:\seodev\develope\node\shop_svc\src\server.ts:60:2)
    at Module._compile (node:internal/modules/cjs/loader:1256:14)
    at Object.transformer (C:\Users\black\AppData\Local\npm-cache\_npx\fd45a72a545557e9\node_modules\tsx\dist\register-D46fvsV_.cjs:3:1104)
    at Module.load (node:internal/modules/cjs/loader:1119:32)
    at Module._load (node:internal/modules/cjs/loader:960:12)
2025-10-24T05:04:39.737Z [[31merror[39m] uncaughtException: Router.use() requires a middleware function but got a Object
TypeError: Router.use() requires a middleware function but got a Object
    at Function.use (D:\seodev\develope\node\shop_svc\node_modules\express\lib\router\index.js:469:13)
    at Function.<anonymous> (D:\seodev\develope\node\shop_svc\node_modules\express\lib\application.js:227:21)
    at Array.forEach (<anonymous>)
    at Function.use (D:\seodev\develope\node\shop_svc\node_modules\express\lib\application.js:224:7)
    at https (d:\seodev\develope\node\shop_svc\src\server.ts:50:5)
    at Object.<anonymous> (d:\seodev\develope\node\shop_svc\src\server.ts:60:2)
    at Module._compile (node:internal/modules/cjs/loader:1256:14)
    at Object.transformer (C:\Users\black\AppData\Local\npm-cache\_npx\fd45a72a545557e9\node_modules\tsx\dist\register-D46fvsV_.cjs:3:1104)
    at Module.load (node:internal/modules/cjs/loader:1119:32)
    at Module._load (node:internal/modules/cjs/loader:960:12)
2025-10-24T05:04:57.233Z [[31merror[39m] uncaughtException: Router.use() requires a middleware function but got a Object
TypeError: Router.use() requires a middleware function but got a Object
    at Function.use (D:\seodev\develope\node\shop_svc\node_modules\express\lib\router\index.js:469:13)
    at Function.<anonymous> (D:\seodev\develope\node\shop_svc\node_modules\express\lib\application.js:227:21)
    at Array.forEach (<anonymous>)
    at Function.use (D:\seodev\develope\node\shop_svc\node_modules\express\lib\application.js:224:7)
    at https (d:\seodev\develope\node\shop_svc\src\server.ts:50:5)
    at Object.<anonymous> (d:\seodev\develope\node\shop_svc\src\server.ts:60:2)
    at Module._compile (node:internal/modules/cjs/loader:1256:14)
    at Object.transformer (C:\Users\black\AppData\Local\npm-cache\_npx\fd45a72a545557e9\node_modules\tsx\dist\register-D46fvsV_.cjs:3:1104)
    at Module.load (node:internal/modules/cjs/loader:1119:32)
    at Module._load (node:internal/modules/cjs/loader:960:12)
2025-10-24T05:06:02.845Z [[31merror[39m] uncaughtException: Router.use() requires a middleware function but got a Object
TypeError: Router.use() requires a middleware function but got a Object
    at Function.use (D:\seodev\develope\node\shop_svc\node_modules\express\lib\router\index.js:469:13)
    at Function.<anonymous> (D:\seodev\develope\node\shop_svc\node_modules\express\lib\application.js:227:21)
    at Array.forEach (<anonymous>)
    at Function.use (D:\seodev\develope\node\shop_svc\node_modules\express\lib\application.js:224:7)
    at https (d:\seodev\develope\node\shop_svc\src\server.ts:50:5)
    at Object.<anonymous> (d:\seodev\develope\node\shop_svc\src\server.ts:60:2)
    at Module._compile (node:internal/modules/cjs/loader:1256:14)
    at Object.transformer (C:\Users\black\AppData\Local\npm-cache\_npx\fd45a72a545557e9\node_modules\tsx\dist\register-D46fvsV_.cjs:3:1104)
    at Module.load (node:internal/modules/cjs/loader:1119:32)
    at Module._load (node:internal/modules/cjs/loader:960:12)
2025-10-24T05:06:42.298Z [[31merror[39m] uncaughtException: Transform failed with 1 error:
D:\seodev\develope\node\shop_svc\src\routes\api\get.ts:64:55: ERROR: Expected ")" but found "("
Error: Transform failed with 1 error:
D:\seodev\develope\node\shop_svc\src\routes\api\get.ts:64:55: ERROR: Expected ")" but found "("
    at failureErrorWithLog (C:\Users\black\AppData\Local\npm-cache\_npx\fd45a72a545557e9\node_modules\esbuild\lib\main.js:1467:15)
    at C:\Users\black\AppData\Local\npm-cache\_npx\fd45a72a545557e9\node_modules\esbuild\lib\main.js:736:50
    at responseCallbacks.<computed> (C:\Users\black\AppData\Local\npm-cache\_npx\fd45a72a545557e9\node_modules\esbuild\lib\main.js:603:9)
    at handleIncomingPacket (C:\Users\black\AppData\Local\npm-cache\_npx\fd45a72a545557e9\node_modules\esbuild\lib\main.js:658:12)
    at Socket.readFromStdout (C:\Users\black\AppData\Local\npm-cache\_npx\fd45a72a545557e9\node_modules\esbuild\lib\main.js:581:7)
    at Socket.emit (node:events:514:28)
    at addChunk (node:internal/streams/readable:324:12)
    at readableAddChunk (node:internal/streams/readable:297:9)
    at Readable.push (node:internal/streams/readable:234:10)
    at Pipe.onStreamRead (node:internal/stream_base_commons:190:23)
2025-10-24T05:06:52.343Z [[31merror[39m] uncaughtException: Router.use() requires a middleware function but got a Object
TypeError: Router.use() requires a middleware function but got a Object
    at Function.use (D:\seodev\develope\node\shop_svc\node_modules\express\lib\router\index.js:469:13)
    at Function.<anonymous> (D:\seodev\develope\node\shop_svc\node_modules\express\lib\application.js:227:21)
    at Array.forEach (<anonymous>)
    at Function.use (D:\seodev\develope\node\shop_svc\node_modules\express\lib\application.js:224:7)
    at https (d:\seodev\develope\node\shop_svc\src\server.ts:50:5)
    at Object.<anonymous> (d:\seodev\develope\node\shop_svc\src\server.ts:60:2)
    at Module._compile (node:internal/modules/cjs/loader:1256:14)
    at Object.transformer (C:\Users\black\AppData\Local\npm-cache\_npx\fd45a72a545557e9\node_modules\tsx\dist\register-D46fvsV_.cjs:3:1104)
    at Module.load (node:internal/modules/cjs/loader:1119:32)
    at Module._load (node:internal/modules/cjs/loader:960:12)
2025-10-24T05:06:56.344Z [[31merror[39m] uncaughtException: Router.use() requires a middleware function but got a Object
TypeError: Router.use() requires a middleware function but got a Object
    at Function.use (D:\seodev\develope\node\shop_svc\node_modules\express\lib\router\index.js:469:13)
    at Function.<anonymous> (D:\seodev\develope\node\shop_svc\node_modules\express\lib\application.js:227:21)
    at Array.forEach (<anonymous>)
    at Function.use (D:\seodev\develope\node\shop_svc\node_modules\express\lib\application.js:224:7)
    at https (d:\seodev\develope\node\shop_svc\src\server.ts:50:5)
    at Object.<anonymous> (d:\seodev\develope\node\shop_svc\src\server.ts:60:2)
    at Module._compile (node:internal/modules/cjs/loader:1256:14)
    at Object.transformer (C:\Users\black\AppData\Local\npm-cache\_npx\fd45a72a545557e9\node_modules\tsx\dist\register-D46fvsV_.cjs:3:1104)
    at Module.load (node:internal/modules/cjs/loader:1119:32)
    at Module._load (node:internal/modules/cjs/loader:960:12)
2025-10-24T05:07:05.748Z [[31merror[39m] uncaughtException: Router.use() requires a middleware function but got a Object
TypeError: Router.use() requires a middleware function but got a Object
    at Function.use (D:\seodev\develope\node\shop_svc\node_modules\express\lib\router\index.js:469:13)
    at Function.<anonymous> (D:\seodev\develope\node\shop_svc\node_modules\express\lib\application.js:227:21)
    at Array.forEach (<anonymous>)
    at Function.use (D:\seodev\develope\node\shop_svc\node_modules\express\lib\application.js:224:7)
    at https (d:\seodev\develope\node\shop_svc\src\server.ts:50:5)
    at Object.<anonymous> (d:\seodev\develope\node\shop_svc\src\server.ts:60:2)
    at Module._compile (node:internal/modules/cjs/loader:1256:14)
    at Object.transformer (C:\Users\black\AppData\Local\npm-cache\_npx\fd45a72a545557e9\node_modules\tsx\dist\register-D46fvsV_.cjs:3:1104)
    at Module.load (node:internal/modules/cjs/loader:1119:32)
    at Module._load (node:internal/modules/cjs/loader:960:12)
2025-10-24T05:07:12.750Z [[31merror[39m] uncaughtException: Router.use() requires a middleware function but got a Object
TypeError: Router.use() requires a middleware function but got a Object
    at Function.use (D:\seodev\develope\node\shop_svc\node_modules\express\lib\router\index.js:469:13)
    at Function.<anonymous> (D:\seodev\develope\node\shop_svc\node_modules\express\lib\application.js:227:21)
    at Array.forEach (<anonymous>)
    at Function.use (D:\seodev\develope\node\shop_svc\node_modules\express\lib\application.js:224:7)
    at https (d:\seodev\develope\node\shop_svc\src\server.ts:50:5)
    at Object.<anonymous> (d:\seodev\develope\node\shop_svc\src\server.ts:60:2)
    at Module._compile (node:internal/modules/cjs/loader:1256:14)
    at Object.transformer (C:\Users\black\AppData\Local\npm-cache\_npx\fd45a72a545557e9\node_modules\tsx\dist\register-D46fvsV_.cjs:3:1104)
    at Module.load (node:internal/modules/cjs/loader:1119:32)
    at Module._load (node:internal/modules/cjs/loader:960:12)
2025-10-24T05:07:30.280Z [[31merror[39m] uncaughtException: Router.use() requires a middleware function but got a Object
TypeError: Router.use() requires a middleware function but got a Object
    at Function.use (D:\seodev\develope\node\shop_svc\node_modules\express\lib\router\index.js:469:13)
    at Function.<anonymous> (D:\seodev\develope\node\shop_svc\node_modules\express\lib\application.js:227:21)
    at Array.forEach (<anonymous>)
    at Function.use (D:\seodev\develope\node\shop_svc\node_modules\express\lib\application.js:224:7)
    at https (d:\seodev\develope\node\shop_svc\src\server.ts:50:5)
    at Object.<anonymous> (d:\seodev\develope\node\shop_svc\src\server.ts:60:2)
    at Module._compile (node:internal/modules/cjs/loader:1256:14)
    at Object.transformer (C:\Users\black\AppData\Local\npm-cache\_npx\fd45a72a545557e9\node_modules\tsx\dist\register-D46fvsV_.cjs:3:1104)
    at Module.load (node:internal/modules/cjs/loader:1119:32)
    at Module._load (node:internal/modules/cjs/loader:960:12)
2025-10-24T05:09:05.026Z [[31merror[39m] uncaughtException: Router.use() requires a middleware function but got a Object
TypeError: Router.use() requires a middleware function but got a Object
    at Function.use (D:\seodev\develope\node\shop_svc\node_modules\express\lib\router\index.js:469:13)
    at Function.<anonymous> (D:\seodev\develope\node\shop_svc\node_modules\express\lib\application.js:227:21)
    at Array.forEach (<anonymous>)
    at Function.use (D:\seodev\develope\node\shop_svc\node_modules\express\lib\application.js:224:7)
    at https (d:\seodev\develope\node\shop_svc\src\server.ts:50:5)
    at Object.<anonymous> (d:\seodev\develope\node\shop_svc\src\server.ts:60:2)
    at Module._compile (node:internal/modules/cjs/loader:1256:14)
    at Object.transformer (C:\Users\black\AppData\Local\npm-cache\_npx\fd45a72a545557e9\node_modules\tsx\dist\register-D46fvsV_.cjs:3:1104)
    at Module.load (node:internal/modules/cjs/loader:1119:32)
    at Module._load (node:internal/modules/cjs/loader:960:12)
2025-10-24T05:09:20.157Z [[31merror[39m] uncaughtException: Router.use() requires a middleware function but got a Object
TypeError: Router.use() requires a middleware function but got a Object
    at Function.use (D:\seodev\develope\node\shop_svc\node_modules\express\lib\router\index.js:469:13)
    at Function.<anonymous> (D:\seodev\develope\node\shop_svc\node_modules\express\lib\application.js:227:21)
    at Array.forEach (<anonymous>)
    at Function.use (D:\seodev\develope\node\shop_svc\node_modules\express\lib\application.js:224:7)
    at https (d:\seodev\develope\node\shop_svc\src\server.ts:50:5)
    at Object.<anonymous> (d:\seodev\develope\node\shop_svc\src\server.ts:60:2)
    at Module._compile (node:internal/modules/cjs/loader:1256:14)
    at Object.transformer (C:\Users\black\AppData\Local\npm-cache\_npx\fd45a72a545557e9\node_modules\tsx\dist\register-D46fvsV_.cjs:3:1104)
    at Module.load (node:internal/modules/cjs/loader:1119:32)
    at Module._load (node:internal/modules/cjs/loader:960:12)
2025-10-24T05:09:33.070Z [[31merror[39m] uncaughtException: Router.use() requires a middleware function but got a Object
TypeError: Router.use() requires a middleware function but got a Object
    at Function.use (D:\seodev\develope\node\shop_svc\node_modules\express\lib\router\index.js:469:13)
    at Function.<anonymous> (D:\seodev\develope\node\shop_svc\node_modules\express\lib\application.js:227:21)
    at Array.forEach (<anonymous>)
    at Function.use (D:\seodev\develope\node\shop_svc\node_modules\express\lib\application.js:224:7)
    at https (d:\seodev\develope\node\shop_svc\src\server.ts:50:5)
    at Object.<anonymous> (d:\seodev\develope\node\shop_svc\src\server.ts:60:2)
    at Module._compile (node:internal/modules/cjs/loader:1256:14)
    at Object.transformer (C:\Users\black\AppData\Local\npm-cache\_npx\fd45a72a545557e9\node_modules\tsx\dist\register-D46fvsV_.cjs:3:1104)
    at Module.load (node:internal/modules/cjs/loader:1119:32)
    at Module._load (node:internal/modules/cjs/loader:960:12)
2025-10-24T05:09:54.476Z [[31merror[39m] uncaughtException: Router.use() requires a middleware function but got a Object
TypeError: Router.use() requires a middleware function but got a Object
    at Function.use (D:\seodev\develope\node\shop_svc\node_modules\express\lib\router\index.js:469:13)
    at Function.<anonymous> (D:\seodev\develope\node\shop_svc\node_modules\express\lib\application.js:227:21)
    at Array.forEach (<anonymous>)
    at Function.use (D:\seodev\develope\node\shop_svc\node_modules\express\lib\application.js:224:7)
    at https (d:\seodev\develope\node\shop_svc\src\server.ts:50:5)
    at Object.<anonymous> (d:\seodev\develope\node\shop_svc\src\server.ts:60:2)
    at Module._compile (node:internal/modules/cjs/loader:1256:14)
    at Object.transformer (C:\Users\black\AppData\Local\npm-cache\_npx\fd45a72a545557e9\node_modules\tsx\dist\register-D46fvsV_.cjs:3:1104)
    at Module.load (node:internal/modules/cjs/loader:1119:32)
    at Module._load (node:internal/modules/cjs/loader:960:12)
2025-10-24T05:10:02.240Z [[31merror[39m] uncaughtException: Router.use() requires a middleware function but got a Object
TypeError: Router.use() requires a middleware function but got a Object
    at Function.use (D:\seodev\develope\node\shop_svc\node_modules\express\lib\router\index.js:469:13)
    at Function.<anonymous> (D:\seodev\develope\node\shop_svc\node_modules\express\lib\application.js:227:21)
    at Array.forEach (<anonymous>)
    at Function.use (D:\seodev\develope\node\shop_svc\node_modules\express\lib\application.js:224:7)
    at https (d:\seodev\develope\node\shop_svc\src\server.ts:50:5)
    at Object.<anonymous> (d:\seodev\develope\node\shop_svc\src\server.ts:60:2)
    at Module._compile (node:internal/modules/cjs/loader:1256:14)
    at Object.transformer (C:\Users\black\AppData\Local\npm-cache\_npx\fd45a72a545557e9\node_modules\tsx\dist\register-D46fvsV_.cjs:3:1104)
    at Module.load (node:internal/modules/cjs/loader:1119:32)
    at Module._load (node:internal/modules/cjs/loader:960:12)
2025-10-24T05:10:05.154Z [[31merror[39m] uncaughtException: Router.use() requires a middleware function but got a Object
TypeError: Router.use() requires a middleware function but got a Object
    at Function.use (D:\seodev\develope\node\shop_svc\node_modules\express\lib\router\index.js:469:13)
    at Function.<anonymous> (D:\seodev\develope\node\shop_svc\node_modules\express\lib\application.js:227:21)
    at Array.forEach (<anonymous>)
    at Function.use (D:\seodev\develope\node\shop_svc\node_modules\express\lib\application.js:224:7)
    at https (d:\seodev\develope\node\shop_svc\src\server.ts:50:5)
    at Object.<anonymous> (d:\seodev\develope\node\shop_svc\src\server.ts:60:2)
    at Module._compile (node:internal/modules/cjs/loader:1256:14)
    at Object.transformer (C:\Users\black\AppData\Local\npm-cache\_npx\fd45a72a545557e9\node_modules\tsx\dist\register-D46fvsV_.cjs:3:1104)
    at Module.load (node:internal/modules/cjs/loader:1119:32)
    at Module._load (node:internal/modules/cjs/loader:960:12)
2025-10-24T05:10:17.805Z [[31merror[39m] uncaughtException: Router.use() requires a middleware function but got a Object
TypeError: Router.use() requires a middleware function but got a Object
    at Function.use (D:\seodev\develope\node\shop_svc\node_modules\express\lib\router\index.js:469:13)
    at Function.<anonymous> (D:\seodev\develope\node\shop_svc\node_modules\express\lib\application.js:227:21)
    at Array.forEach (<anonymous>)
    at Function.use (D:\seodev\develope\node\shop_svc\node_modules\express\lib\application.js:224:7)
    at https (d:\seodev\develope\node\shop_svc\src\server.ts:50:5)
    at Object.<anonymous> (d:\seodev\develope\node\shop_svc\src\server.ts:60:2)
    at Module._compile (node:internal/modules/cjs/loader:1256:14)
    at Object.transformer (C:\Users\black\AppData\Local\npm-cache\_npx\fd45a72a545557e9\node_modules\tsx\dist\register-D46fvsV_.cjs:3:1104)
    at Module.load (node:internal/modules/cjs/loader:1119:32)
    at Module._load (node:internal/modules/cjs/loader:960:12)
2025-10-24T05:10:19.060Z [[31merror[39m] uncaughtException: Router.use() requires a middleware function but got a Object
TypeError: Router.use() requires a middleware function but got a Object
    at Function.use (D:\seodev\develope\node\shop_svc\node_modules\express\lib\router\index.js:469:13)
    at Function.<anonymous> (D:\seodev\develope\node\shop_svc\node_modules\express\lib\application.js:227:21)
    at Array.forEach (<anonymous>)
    at Function.use (D:\seodev\develope\node\shop_svc\node_modules\express\lib\application.js:224:7)
    at https (d:\seodev\develope\node\shop_svc\src\server.ts:50:5)
    at Object.<anonymous> (d:\seodev\develope\node\shop_svc\src\server.ts:60:2)
    at Module._compile (node:internal/modules/cjs/loader:1256:14)
    at Object.transformer (C:\Users\black\AppData\Local\npm-cache\_npx\fd45a72a545557e9\node_modules\tsx\dist\register-D46fvsV_.cjs:3:1104)
    at Module.load (node:internal/modules/cjs/loader:1119:32)
    at Module._load (node:internal/modules/cjs/loader:960:12)
2025-10-24T05:10:19.850Z [[31merror[39m] uncaughtException: Router.use() requires a middleware function but got a Object
TypeError: Router.use() requires a middleware function but got a Object
    at Function.use (D:\seodev\develope\node\shop_svc\node_modules\express\lib\router\index.js:469:13)
    at Function.<anonymous> (D:\seodev\develope\node\shop_svc\node_modules\express\lib\application.js:227:21)
    at Array.forEach (<anonymous>)
    at Function.use (D:\seodev\develope\node\shop_svc\node_modules\express\lib\application.js:224:7)
    at https (d:\seodev\develope\node\shop_svc\src\server.ts:50:5)
    at Object.<anonymous> (d:\seodev\develope\node\shop_svc\src\server.ts:60:2)
    at Module._compile (node:internal/modules/cjs/loader:1256:14)
    at Object.transformer (C:\Users\black\AppData\Local\npm-cache\_npx\fd45a72a545557e9\node_modules\tsx\dist\register-D46fvsV_.cjs:3:1104)
    at Module.load (node:internal/modules/cjs/loader:1119:32)
    at Module._load (node:internal/modules/cjs/loader:960:12)
2025-10-24T05:10:31.216Z [[31merror[39m] uncaughtException: Router.use() requires a middleware function but got a Object
TypeError: Router.use() requires a middleware function but got a Object
    at Function.use (D:\seodev\develope\node\shop_svc\node_modules\express\lib\router\index.js:469:13)
    at Function.<anonymous> (D:\seodev\develope\node\shop_svc\node_modules\express\lib\application.js:227:21)
    at Array.forEach (<anonymous>)
    at Function.use (D:\seodev\develope\node\shop_svc\node_modules\express\lib\application.js:224:7)
    at https (d:\seodev\develope\node\shop_svc\src\server.ts:50:5)
    at Object.<anonymous> (d:\seodev\develope\node\shop_svc\src\server.ts:60:2)
    at Module._compile (node:internal/modules/cjs/loader:1256:14)
    at Object.transformer (C:\Users\black\AppData\Local\npm-cache\_npx\fd45a72a545557e9\node_modules\tsx\dist\register-D46fvsV_.cjs:3:1104)
    at Module.load (node:internal/modules/cjs/loader:1119:32)
    at Module._load (node:internal/modules/cjs/loader:960:12)
2025-10-24T05:10:41.601Z [[31merror[39m] uncaughtException: Router.use() requires a middleware function but got a Object
TypeError: Router.use() requires a middleware function but got a Object
    at Function.use (D:\seodev\develope\node\shop_svc\node_modules\express\lib\router\index.js:469:13)
    at Function.<anonymous> (D:\seodev\develope\node\shop_svc\node_modules\express\lib\application.js:227:21)
    at Array.forEach (<anonymous>)
    at Function.use (D:\seodev\develope\node\shop_svc\node_modules\express\lib\application.js:224:7)
    at https (d:\seodev\develope\node\shop_svc\src\server.ts:50:5)
    at Object.<anonymous> (d:\seodev\develope\node\shop_svc\src\server.ts:60:2)
    at Module._compile (node:internal/modules/cjs/loader:1256:14)
    at Object.transformer (C:\Users\black\AppData\Local\npm-cache\_npx\fd45a72a545557e9\node_modules\tsx\dist\register-D46fvsV_.cjs:3:1104)
    at Module.load (node:internal/modules/cjs/loader:1119:32)
    at Module._load (node:internal/modules/cjs/loader:960:12)
2025-10-24T05:10:43.829Z [[31merror[39m] uncaughtException: Router.use() requires a middleware function but got a Object
TypeError: Router.use() requires a middleware function but got a Object
    at Function.use (D:\seodev\develope\node\shop_svc\node_modules\express\lib\router\index.js:469:13)
    at Function.<anonymous> (D:\seodev\develope\node\shop_svc\node_modules\express\lib\application.js:227:21)
    at Array.forEach (<anonymous>)
    at Function.use (D:\seodev\develope\node\shop_svc\node_modules\express\lib\application.js:224:7)
    at https (d:\seodev\develope\node\shop_svc\src\server.ts:50:5)
    at Object.<anonymous> (d:\seodev\develope\node\shop_svc\src\server.ts:60:2)
    at Module._compile (node:internal/modules/cjs/loader:1256:14)
    at Object.transformer (C:\Users\black\AppData\Local\npm-cache\_npx\fd45a72a545557e9\node_modules\tsx\dist\register-D46fvsV_.cjs:3:1104)
    at Module.load (node:internal/modules/cjs/loader:1119:32)
    at Module._load (node:internal/modules/cjs/loader:960:12)
2025-10-24T05:10:49.963Z [[31merror[39m] uncaughtException: Router.use() requires a middleware function but got a Object
TypeError: Router.use() requires a middleware function but got a Object
    at Function.use (D:\seodev\develope\node\shop_svc\node_modules\express\lib\router\index.js:469:13)
    at Function.<anonymous> (D:\seodev\develope\node\shop_svc\node_modules\express\lib\application.js:227:21)
    at Array.forEach (<anonymous>)
    at Function.use (D:\seodev\develope\node\shop_svc\node_modules\express\lib\application.js:224:7)
    at https (d:\seodev\develope\node\shop_svc\src\server.ts:50:5)
    at Object.<anonymous> (d:\seodev\develope\node\shop_svc\src\server.ts:60:2)
    at Module._compile (node:internal/modules/cjs/loader:1256:14)
    at Object.transformer (C:\Users\black\AppData\Local\npm-cache\_npx\fd45a72a545557e9\node_modules\tsx\dist\register-D46fvsV_.cjs:3:1104)
    at Module.load (node:internal/modules/cjs/loader:1119:32)
    at Module._load (node:internal/modules/cjs/loader:960:12)
2025-10-24T05:13:20.287Z [[31merror[39m] uncaughtException: Router.use() requires a middleware function but got a Object
TypeError: Router.use() requires a middleware function but got a Object
    at Function.use (D:\seodev\develope\node\shop_svc\node_modules\express\lib\router\index.js:469:13)
    at Function.<anonymous> (D:\seodev\develope\node\shop_svc\node_modules\express\lib\application.js:227:21)
    at Array.forEach (<anonymous>)
    at Function.use (D:\seodev\develope\node\shop_svc\node_modules\express\lib\application.js:224:7)
    at https (d:\seodev\develope\node\shop_svc\src\server.ts:50:5)
    at Object.<anonymous> (d:\seodev\develope\node\shop_svc\src\server.ts:60:2)
    at Module._compile (node:internal/modules/cjs/loader:1256:14)
    at Object.transformer (C:\Users\black\AppData\Local\npm-cache\_npx\fd45a72a545557e9\node_modules\tsx\dist\register-D46fvsV_.cjs:3:1104)
    at Module.load (node:internal/modules/cjs/loader:1119:32)
    at Module._load (node:internal/modules/cjs/loader:960:12)
2025-10-24T05:15:49.120Z [[31merror[39m] uncaughtException: Router.use() requires a middleware function but got a Object
TypeError: Router.use() requires a middleware function but got a Object
    at Function.use (D:\seodev\develope\node\shop_svc\node_modules\express\lib\router\index.js:469:13)
    at Function.<anonymous> (D:\seodev\develope\node\shop_svc\node_modules\express\lib\application.js:227:21)
    at Array.forEach (<anonymous>)
    at Function.use (D:\seodev\develope\node\shop_svc\node_modules\express\lib\application.js:224:7)
    at https (d:\seodev\develope\node\shop_svc\src\server.ts:50:5)
    at Object.<anonymous> (d:\seodev\develope\node\shop_svc\src\server.ts:60:2)
    at Module._compile (node:internal/modules/cjs/loader:1256:14)
    at Object.transformer (C:\Users\black\AppData\Local\npm-cache\_npx\fd45a72a545557e9\node_modules\tsx\dist\register-D46fvsV_.cjs:3:1104)
    at Module.load (node:internal/modules/cjs/loader:1119:32)
    at Module._load (node:internal/modules/cjs/loader:960:12)
2025-10-24T05:18:00.212Z [[31merror[39m] uncaughtException: Router.use() requires a middleware function but got a Object
TypeError: Router.use() requires a middleware function but got a Object
    at Function.use (D:\seodev\develope\node\shop_svc\node_modules\express\lib\router\index.js:469:13)
    at Function.<anonymous> (D:\seodev\develope\node\shop_svc\node_modules\express\lib\application.js:227:21)
    at Array.forEach (<anonymous>)
    at Function.use (D:\seodev\develope\node\shop_svc\node_modules\express\lib\application.js:224:7)
    at https (d:\seodev\develope\node\shop_svc\src\server.ts:49:5)
    at Object.<anonymous> (d:\seodev\develope\node\shop_svc\src\server.ts:60:2)
    at Module._compile (node:internal/modules/cjs/loader:1256:14)
    at Object.transformer (C:\Users\black\AppData\Local\npm-cache\_npx\fd45a72a545557e9\node_modules\tsx\dist\register-D46fvsV_.cjs:3:1104)
    at Module.load (node:internal/modules/cjs/loader:1119:32)
    at Module._load (node:internal/modules/cjs/loader:960:12)
2025-10-24T05:18:04.518Z [[31merror[39m] uncaughtException: Router.use() requires a middleware function but got a Object
TypeError: Router.use() requires a middleware function but got a Object
    at Function.use (D:\seodev\develope\node\shop_svc\node_modules\express\lib\router\index.js:469:13)
    at Function.<anonymous> (D:\seodev\develope\node\shop_svc\node_modules\express\lib\application.js:227:21)
    at Array.forEach (<anonymous>)
    at Function.use (D:\seodev\develope\node\shop_svc\node_modules\express\lib\application.js:224:7)
    at https (d:\seodev\develope\node\shop_svc\src\server.ts:50:5)
    at Object.<anonymous> (d:\seodev\develope\node\shop_svc\src\server.ts:61:2)
    at Module._compile (node:internal/modules/cjs/loader:1256:14)
    at Object.transformer (C:\Users\black\AppData\Local\npm-cache\_npx\fd45a72a545557e9\node_modules\tsx\dist\register-D46fvsV_.cjs:3:1104)
    at Module.load (node:internal/modules/cjs/loader:1119:32)
    at Module._load (node:internal/modules/cjs/loader:960:12)
2025-10-24T05:18:11.262Z [[31merror[39m] uncaughtException: Router.use() requires a middleware function but got a Object
TypeError: Router.use() requires a middleware function but got a Object
    at Function.use (D:\seodev\develope\node\shop_svc\node_modules\express\lib\router\index.js:469:13)
    at Function.<anonymous> (D:\seodev\develope\node\shop_svc\node_modules\express\lib\application.js:227:21)
    at Array.forEach (<anonymous>)
    at Function.use (D:\seodev\develope\node\shop_svc\node_modules\express\lib\application.js:224:7)
    at https (d:\seodev\develope\node\shop_svc\src\server.ts:51:5)
    at Object.<anonymous> (d:\seodev\develope\node\shop_svc\src\server.ts:62:2)
    at Module._compile (node:internal/modules/cjs/loader:1256:14)
    at Object.transformer (C:\Users\black\AppData\Local\npm-cache\_npx\fd45a72a545557e9\node_modules\tsx\dist\register-D46fvsV_.cjs:3:1104)
    at Module.load (node:internal/modules/cjs/loader:1119:32)
    at Module._load (node:internal/modules/cjs/loader:960:12)
2025-10-24T05:18:28.784Z [[31merror[39m] uncaughtException: Router.use() requires a middleware function but got a Object
TypeError: Router.use() requires a middleware function but got a Object
    at Function.use (D:\seodev\develope\node\shop_svc\node_modules\express\lib\router\index.js:469:13)
    at Function.<anonymous> (D:\seodev\develope\node\shop_svc\node_modules\express\lib\application.js:227:21)
    at Array.forEach (<anonymous>)
    at Function.use (D:\seodev\develope\node\shop_svc\node_modules\express\lib\application.js:224:7)
    at https (d:\seodev\develope\node\shop_svc\src\server.ts:52:5)
    at Object.<anonymous> (d:\seodev\develope\node\shop_svc\src\server.ts:63:2)
    at Module._compile (node:internal/modules/cjs/loader:1256:14)
    at Object.transformer (C:\Users\black\AppData\Local\npm-cache\_npx\fd45a72a545557e9\node_modules\tsx\dist\register-D46fvsV_.cjs:3:1104)
    at Module.load (node:internal/modules/cjs/loader:1119:32)
    at Module._load (node:internal/modules/cjs/loader:960:12)
2025-10-24T05:19:03.410Z [[32minfo[39m] [shop][localhost:53306] DB Connection Success
2025-10-24T05:19:03.411Z [[32minfo[39m] litening on https://0.0.0.0:8080
2025-10-24T05:19:20.885Z [[32minfo[39m] 127.0.0.1 - - GET 404 / 2.264 ms
2025-10-24T05:19:26.572Z [[32minfo[39m] 127.0.0.1 - - GET 404 /insta/code 1.553 ms
2025-10-24T05:19:33.841Z [[31merror[39m] uncaughtException: createResponse is not defined
ReferenceError: createResponse is not defined
    at <anonymous> (d:\seodev\develope\node\shop_svc\src\routes\auth\oauth.ts:56:5)
    at process.processTicksAndRejections (node:internal/process/task_queues:95:5)
2025-10-24T05:19:57.288Z [[32minfo[39m] [shop][localhost:53306] DB Connection Success
2025-10-24T05:19:57.289Z [[32minfo[39m] litening on https://0.0.0.0:8080
2025-10-24T05:19:59.751Z [[31merror[39m] uncaughtException: createResponse is not defined
ReferenceError: createResponse is not defined
    at <anonymous> (d:\seodev\develope\node\shop_svc\src\routes\auth\oauth.ts:56:5)
    at process.processTicksAndRejections (node:internal/process/task_queues:95:5)
2025-10-24T05:20:04.811Z [[32minfo[39m] [shop][localhost:53306] DB Connection Success
2025-10-24T05:20:04.813Z [[32minfo[39m] litening on https://0.0.0.0:8080
2025-10-24T05:20:05.160Z [[31merror[39m] uncaughtException: createResponse is not defined
ReferenceError: createResponse is not defined
    at <anonymous> (d:\seodev\develope\node\shop_svc\src\routes\auth\oauth.ts:56:5)
    at process.processTicksAndRejections (node:internal/process/task_queues:95:5)
2025-10-24T05:20:41.263Z [[32minfo[39m] [shop][localhost:53306] DB Connection Success
2025-10-24T05:20:41.265Z [[32minfo[39m] litening on https://0.0.0.0:8080
2025-10-24T05:20:41.694Z [[32minfo[39m] 127.0.0.1 - - GET 304 /get/secret 6.893 ms
2025-10-24T05:20:43.859Z [[32minfo[39m] 127.0.0.1 - - GET 400 /get/wish 0.920 ms
2025-10-24T05:20:54.448Z [[32minfo[39m] 127.0.0.1 - - GET 304 /get/secret 4.695 ms
2025-10-24T05:20:56.808Z [[31merror[39m] Request failed with status code 400
  AxiosError: Request failed with status code 400
    at settle (D:\seodev\develope\node\shop_svc\node_modules\axios\lib\core\settle.js:19:12)
    at IncomingMessage.handleStreamEnd (D:\seodev\develope\node\shop_svc\node_modules\axios\lib\adapters\http.js:617:11)
    at IncomingMessage.emit (node:events:526:35)
    at endReadableNT (node:internal/streams/readable:1359:12)
    at process.processTicksAndRejections (node:internal/process/task_queues:82:21)
    at Axios.request (D:\seodev\develope\node\shop_svc\node_modules\axios\lib\core\Axios.js:45:41)
    at process.processTicksAndRejections (node:internal/process/task_queues:95:5)
    at <anonymous> (d:\seodev\develope\node\shop_svc\src\routes\api\get.ts:97:34)

  name: AxiosError
  code: ERR_BAD_REQUEST
  config: [object Object]
  request: [object Object]
  response: [object Object]
  status: 400
  level: error
  timestamp: 2025-10-24T05:20:56.808Z
  constructor: function AxiosError(message, code, config, request, response) {
  Error.call(this);

  if (Error.captureStackTrace) {
    Error.captureStackTrace(this, this.constructor);
  } else {
    this.stack = (new Error()).stack;
  }

  this.message = message;
  this.name = 'AxiosError';
  code && (this.code = code);
  config && (this.config = config);
  request && (this.request = request);
  if (response) {
    this.response = response;
    this.status = response.status ? response.status : null;
  }
}
  toJSON: function toJSON() {
    return {
      // Standard
      message: this.message,
      name: this.name,
      // Microsoft
      description: this.description,
      number: this.number,
      // Mozilla
      fileName: this.fileName,
      lineNumber: this.lineNumber,
      columnNumber: this.columnNumber,
      stack: this.stack,
      // Axios
      config: utils$1.toJSONObject(this.config),
      code: this.code,
      status: this.status
    };
  }
2025-10-24T05:20:56.811Z [[32minfo[39m] 127.0.0.1 - - GET 500 /get/insta/feeds 414.045 ms
2025-10-24T05:21:22.583Z [[32minfo[39m] [shop][localhost:53306] DB Connection Success
2025-10-24T05:21:22.584Z [[32minfo[39m] litening on https://0.0.0.0:8080
2025-10-24T05:21:31.221Z [[32minfo[39m] [shop][localhost:53306] DB Connection Success
2025-10-24T05:21:31.224Z [[32minfo[39m] litening on https://0.0.0.0:8080
2025-10-24T05:21:32.527Z [[31merror[39m] Request failed with status code 400
  AxiosError: Request failed with status code 400
    at settle (D:\seodev\develope\node\shop_svc\node_modules\axios\lib\core\settle.js:19:12)
    at IncomingMessage.handleStreamEnd (D:\seodev\develope\node\shop_svc\node_modules\axios\lib\adapters\http.js:617:11)
    at IncomingMessage.emit (node:events:526:35)
    at endReadableNT (node:internal/streams/readable:1359:12)
    at process.processTicksAndRejections (node:internal/process/task_queues:82:21)
    at Axios.request (D:\seodev\develope\node\shop_svc\node_modules\axios\lib\core\Axios.js:45:41)
    at process.processTicksAndRejections (node:internal/process/task_queues:95:5)
    at <anonymous> (d:\seodev\develope\node\shop_svc\src\routes\api\get.ts:97:34)

  name: AxiosError
  code: ERR_BAD_REQUEST
  config: [object Object]
  request: [object Object]
  response: [object Object]
  status: 400
  level: error
  timestamp: 2025-10-24T05:21:32.527Z
  constructor: function AxiosError(message, code, config, request, response) {
  Error.call(this);

  if (Error.captureStackTrace) {
    Error.captureStackTrace(this, this.constructor);
  } else {
    this.stack = (new Error()).stack;
  }

  this.message = message;
  this.name = 'AxiosError';
  code && (this.code = code);
  config && (this.config = config);
  request && (this.request = request);
  if (response) {
    this.response = response;
    this.status = response.status ? response.status : null;
  }
}
  toJSON: function toJSON() {
    return {
      // Standard
      message: this.message,
      name: this.name,
      // Microsoft
      description: this.description,
      number: this.number,
      // Mozilla
      fileName: this.fileName,
      lineNumber: this.lineNumber,
      columnNumber: this.columnNumber,
      stack: this.stack,
      // Axios
      config: utils$1.toJSONObject(this.config),
      code: this.code,
      status: this.status
    };
  }
2025-10-24T05:21:32.530Z [[32minfo[39m] 127.0.0.1 - - GET 500 /get/insta/feeds 436.567 ms
2025-10-24T05:23:28.218Z [[32minfo[39m] [shop][localhost:53306] DB Connection Success
2025-10-24T05:23:28.219Z [[32minfo[39m] litening on https://0.0.0.0:8080
2025-10-24T05:23:39.205Z [[32minfo[39m] [shop][localhost:53306] DB Connection Success
2025-10-24T05:23:39.206Z [[32minfo[39m] litening on https://0.0.0.0:8080
2025-10-24T05:25:40.471Z [[32minfo[39m] [shop][localhost:53306] DB Connection Success
2025-10-24T05:25:40.472Z [[32minfo[39m] litening on https://0.0.0.0:8080
2025-10-24T05:25:45.301Z [[32minfo[39m] [shop][localhost:53306] DB Connection Success
2025-10-24T05:25:45.306Z [[32minfo[39m] litening on https://0.0.0.0:8080
2025-10-24T05:26:05.746Z [[32minfo[39m] [shop][localhost:53306] DB Connection Success
2025-10-24T05:26:05.747Z [[32minfo[39m] litening on https://0.0.0.0:8080
2025-10-24T05:28:02.949Z [[32minfo[39m] [shop][localhost:53306] DB Connection Success
2025-10-24T05:28:02.952Z [[32minfo[39m] litening on https://0.0.0.0:8080
2025-10-24T05:28:11.118Z [[32minfo[39m] [shop][localhost:53306] DB Connection Success
2025-10-24T05:28:11.119Z [[32minfo[39m] litening on https://0.0.0.0:8080
2025-10-24T05:28:33.898Z [[32minfo[39m] [shop][localhost:53306] DB Connection Success
2025-10-24T05:28:33.899Z [[32minfo[39m] litening on https://0.0.0.0:8080
2025-10-24T05:28:48.816Z [[32minfo[39m] [shop][localhost:53306] DB Connection Success
2025-10-24T05:28:48.817Z [[32minfo[39m] litening on https://0.0.0.0:8080
2025-10-24T05:28:50.398Z [[32minfo[39m] [shop][localhost:53306] DB Connection Success
2025-10-24T05:28:50.400Z [[32minfo[39m] litening on https://0.0.0.0:8080
2025-10-24T05:29:16.209Z [[32minfo[39m] [shop][localhost:53306] DB Connection Success
2025-10-24T05:29:16.211Z [[32minfo[39m] litening on https://0.0.0.0:8080
2025-10-24T05:29:33.308Z [[32minfo[39m] [shop][localhost:53306] DB Connection Success
2025-10-24T05:29:33.309Z [[32minfo[39m] litening on https://0.0.0.0:8080
2025-10-24T05:30:24.866Z [[32minfo[39m] [shop][localhost:53306] DB Connection Success
2025-10-24T05:30:24.869Z [[32minfo[39m] litening on https://0.0.0.0:8080
2025-10-24T05:31:00.266Z [[32minfo[39m] [shop][localhost:53306] DB Connection Success
2025-10-24T05:31:00.269Z [[32minfo[39m] litening on https://0.0.0.0:8080
2025-10-24T05:31:30.788Z [[32minfo[39m] [shop][localhost:53306] DB Connection Success
2025-10-24T05:31:30.789Z [[32minfo[39m] litening on https://0.0.0.0:8080
2025-10-24T05:31:32.401Z [[32minfo[39m] [shop][localhost:53306] DB Connection Success
2025-10-24T05:31:32.403Z [[32minfo[39m] litening on https://0.0.0.0:8080
2025-10-24T05:31:39.352Z [[32minfo[39m] [shop][localhost:53306] DB Connection Success
2025-10-24T05:31:39.353Z [[32minfo[39m] litening on https://0.0.0.0:8080
2025-10-24T05:31:59.433Z [[32minfo[39m] [shop][localhost:53306] DB Connection Success
2025-10-24T05:31:59.435Z [[32minfo[39m] litening on https://0.0.0.0:8080
2025-10-24T05:32:23.019Z [[32minfo[39m] [shop][localhost:53306] DB Connection Success
2025-10-24T05:32:23.021Z [[32minfo[39m] litening on https://0.0.0.0:8080
2025-10-24T05:32:40.693Z [[32minfo[39m] [shop][localhost:53306] DB Connection Success
2025-10-24T05:32:40.695Z [[32minfo[39m] litening on https://0.0.0.0:8080
2025-10-24T05:33:54.184Z [[32minfo[39m] [shop][localhost:53306] DB Connection Success
2025-10-24T05:33:54.186Z [[32minfo[39m] litening on https://0.0.0.0:8080
2025-10-24T05:34:09.203Z [[32minfo[39m] [shop][localhost:53306] DB Connection Success
2025-10-24T05:34:09.204Z [[32minfo[39m] litening on https://0.0.0.0:8080
2025-10-24T05:34:11.149Z [[32minfo[39m] [shop][localhost:53306] DB Connection Success
2025-10-24T05:34:11.150Z [[32minfo[39m] litening on https://0.0.0.0:8080
2025-10-24T05:34:24.958Z [[32minfo[39m] [shop][localhost:53306] DB Connection Success
2025-10-24T05:34:24.961Z [[32minfo[39m] litening on https://0.0.0.0:8080
2025-10-24T05:34:51.680Z [[32minfo[39m] [shop][localhost:53306] DB Connection Success
2025-10-24T05:34:51.681Z [[32minfo[39m] litening on https://0.0.0.0:8080
2025-10-24T05:35:21.414Z [[32minfo[39m] [shop][localhost:53306] DB Connection Success
2025-10-24T05:35:21.415Z [[32minfo[39m] litening on https://0.0.0.0:8080
2025-10-24T05:35:31.087Z [[32minfo[39m] [shop][localhost:53306] DB Connection Success
2025-10-24T05:35:31.089Z [[32minfo[39m] litening on https://0.0.0.0:8080
2025-10-24T05:36:00.412Z [[32minfo[39m] [shop][localhost:53306] DB Connection Success
2025-10-24T05:36:00.414Z [[32minfo[39m] litening on https://0.0.0.0:8080
2025-10-24T05:36:08.226Z [[32minfo[39m] [shop][localhost:53306] DB Connection Success
2025-10-24T05:36:08.228Z [[32minfo[39m] litening on https://0.0.0.0:8080
2025-10-24T05:37:37.291Z [[32minfo[39m] [shop][localhost:53306] DB Connection Success
2025-10-24T05:37:37.292Z [[32minfo[39m] litening on https://0.0.0.0:8080
2025-10-24T05:37:48.027Z [[32minfo[39m] [shop][localhost:53306] DB Connection Success
2025-10-24T05:37:48.029Z [[32minfo[39m] litening on https://0.0.0.0:8080
2025-10-24T05:38:13.692Z [[32minfo[39m] [shop][localhost:53306] DB Connection Success
2025-10-24T05:38:13.694Z [[32minfo[39m] litening on https://0.0.0.0:8080
2025-10-24T05:38:15.119Z [[32minfo[39m] [shop][localhost:53306] DB Connection Success
2025-10-24T05:38:15.120Z [[32minfo[39m] litening on https://0.0.0.0:8080
2025-10-24T05:38:29.454Z [[32minfo[39m] [shop][localhost:53306] DB Connection Success
2025-10-24T05:38:29.456Z [[32minfo[39m] litening on https://0.0.0.0:8080
2025-10-24T05:39:07.325Z [[32minfo[39m] [shop][localhost:53306] DB Connection Success
2025-10-24T05:39:07.327Z [[32minfo[39m] litening on https://0.0.0.0:8080
2025-10-24T05:39:16.022Z [[32minfo[39m] [shop][localhost:53306] DB Connection Success
2025-10-24T05:39:16.023Z [[32minfo[39m] litening on https://0.0.0.0:8080
2025-10-24T05:39:19.535Z [[32minfo[39m] [shop][localhost:53306] DB Connection Success
2025-10-24T05:39:19.536Z [[32minfo[39m] litening on https://0.0.0.0:8080
2025-10-24T05:40:05.138Z [[31merror[39m] uncaughtException: Transform failed with 1 error:
D:\seodev\develope\node\shop_svc\src\routes\auth\oauth.ts:157:74: ERROR: Unexpected "message"
Error: Transform failed with 1 error:
D:\seodev\develope\node\shop_svc\src\routes\auth\oauth.ts:157:74: ERROR: Unexpected "message"
    at failureErrorWithLog (C:\Users\black\AppData\Local\npm-cache\_npx\fd45a72a545557e9\node_modules\esbuild\lib\main.js:1467:15)
    at C:\Users\black\AppData\Local\npm-cache\_npx\fd45a72a545557e9\node_modules\esbuild\lib\main.js:736:50
    at responseCallbacks.<computed> (C:\Users\black\AppData\Local\npm-cache\_npx\fd45a72a545557e9\node_modules\esbuild\lib\main.js:603:9)
    at handleIncomingPacket (C:\Users\black\AppData\Local\npm-cache\_npx\fd45a72a545557e9\node_modules\esbuild\lib\main.js:658:12)
    at Socket.readFromStdout (C:\Users\black\AppData\Local\npm-cache\_npx\fd45a72a545557e9\node_modules\esbuild\lib\main.js:581:7)
    at Socket.emit (node:events:514:28)
    at addChunk (node:internal/streams/readable:324:12)
    at readableAddChunk (node:internal/streams/readable:297:9)
    at Readable.push (node:internal/streams/readable:234:10)
    at Pipe.onStreamRead (node:internal/stream_base_commons:190:23)
2025-10-24T05:40:08.389Z [[32minfo[39m] [shop][localhost:53306] DB Connection Success
2025-10-24T05:40:08.391Z [[32minfo[39m] litening on https://0.0.0.0:8080
2025-10-24T05:41:39.576Z [[32minfo[39m] [shop][localhost:53306] DB Connection Success
2025-10-24T05:41:39.578Z [[32minfo[39m] litening on https://0.0.0.0:8080
2025-10-24T05:43:31.851Z [[31merror[39m] uncaughtException: Transform failed with 1 error:
D:\seodev\develope\node\shop_svc\src\routes\auth\oauth.ts:254:92: ERROR: Unexpected ":"
Error: Transform failed with 1 error:
D:\seodev\develope\node\shop_svc\src\routes\auth\oauth.ts:254:92: ERROR: Unexpected ":"
    at failureErrorWithLog (C:\Users\black\AppData\Local\npm-cache\_npx\fd45a72a545557e9\node_modules\esbuild\lib\main.js:1467:15)
    at C:\Users\black\AppData\Local\npm-cache\_npx\fd45a72a545557e9\node_modules\esbuild\lib\main.js:736:50
    at responseCallbacks.<computed> (C:\Users\black\AppData\Local\npm-cache\_npx\fd45a72a545557e9\node_modules\esbuild\lib\main.js:603:9)
    at handleIncomingPacket (C:\Users\black\AppData\Local\npm-cache\_npx\fd45a72a545557e9\node_modules\esbuild\lib\main.js:658:12)
    at Socket.readFromStdout (C:\Users\black\AppData\Local\npm-cache\_npx\fd45a72a545557e9\node_modules\esbuild\lib\main.js:581:7)
    at Socket.emit (node:events:514:28)
    at addChunk (node:internal/streams/readable:324:12)
    at readableAddChunk (node:internal/streams/readable:297:9)
    at Readable.push (node:internal/streams/readable:234:10)
    at Pipe.onStreamRead (node:internal/stream_base_commons:190:23)
2025-10-24T05:43:33.748Z [[32minfo[39m] [shop][localhost:53306] DB Connection Success
2025-10-24T05:43:33.750Z [[32minfo[39m] litening on https://0.0.0.0:8080
2025-10-24T05:43:57.133Z [[32minfo[39m] [shop][localhost:53306] DB Connection Success
2025-10-24T05:43:57.136Z [[32minfo[39m] litening on https://0.0.0.0:8080
2025-10-24T05:44:08.677Z [[32minfo[39m] [shop][localhost:53306] DB Connection Success
2025-10-24T05:44:08.678Z [[32minfo[39m] litening on https://0.0.0.0:8080
2025-10-24T05:47:04.986Z [[32minfo[39m] [shop][localhost:53306] DB Connection Success
2025-10-24T05:47:04.987Z [[32minfo[39m] litening on https://0.0.0.0:8080
2025-10-24T05:48:29.390Z [[32minfo[39m] [shop][localhost:53306] DB Connection Success
2025-10-24T05:48:29.391Z [[32minfo[39m] litening on https://0.0.0.0:8080
2025-10-24T05:48:37.973Z [[32minfo[39m] [shop][localhost:53306] DB Connection Success
2025-10-24T05:48:37.975Z [[32minfo[39m] litening on https://0.0.0.0:8080
2025-10-24T05:48:43.210Z [[32minfo[39m] [shop][localhost:53306] DB Connection Success
2025-10-24T05:48:43.212Z [[32minfo[39m] litening on https://0.0.0.0:8080
2025-10-24T05:49:24.521Z [[32minfo[39m] [shop][localhost:53306] DB Connection Success
2025-10-24T05:49:24.522Z [[32minfo[39m] litening on https://0.0.0.0:8080
2025-10-24T05:49:35.828Z [[32minfo[39m] [shop][localhost:53306] DB Connection Success
2025-10-24T05:49:35.831Z [[32minfo[39m] litening on https://0.0.0.0:8080
2025-10-24T05:49:42.400Z [[32minfo[39m] [shop][localhost:53306] DB Connection Success
2025-10-24T05:49:42.401Z [[32minfo[39m] litening on https://0.0.0.0:8080
2025-10-24T05:50:23.919Z [[32minfo[39m] [shop][localhost:53306] DB Connection Success
2025-10-24T05:50:23.921Z [[32minfo[39m] litening on https://0.0.0.0:8080
2025-10-24T05:50:42.460Z [[32minfo[39m] [shop][localhost:53306] DB Connection Success
2025-10-24T05:50:42.462Z [[32minfo[39m] litening on https://0.0.0.0:8080
2025-10-24T05:50:49.037Z [[32minfo[39m] [shop][localhost:53306] DB Connection Success
2025-10-24T05:50:49.039Z [[32minfo[39m] litening on https://0.0.0.0:8080
2025-10-24T05:50:54.133Z [[32minfo[39m] [shop][localhost:53306] DB Connection Success
2025-10-24T05:50:54.134Z [[32minfo[39m] litening on https://0.0.0.0:8080
2025-10-24T05:52:29.077Z [[32minfo[39m] [shop][localhost:53306] DB Connection Success
2025-10-24T05:52:29.081Z [[32minfo[39m] litening on https://0.0.0.0:8080
2025-10-24T05:53:21.572Z [[32minfo[39m] [shop][localhost:53306] DB Connection Success
2025-10-24T05:53:21.588Z [[32minfo[39m] litening on https://0.0.0.0:8080
2025-10-24T06:04:46.461Z [[32minfo[39m] [shop][localhost:53306] DB Connection Success
2025-10-24T06:04:46.463Z [[32minfo[39m] litening on https://0.0.0.0:8080
2025-10-24T06:04:49.166Z [[32minfo[39m] 127.0.0.1 - - GET 404 / 3.036 ms
2025-10-24T06:09:28.619Z [[32minfo[39m] 127.0.0.1 - - GET 404 /api/secret 1.225 ms
2025-10-24T06:09:32.015Z [[32minfo[39m] 127.0.0.1 - - GET 404 /getsecret 0.393 ms
2025-10-24T06:09:33.875Z [[32minfo[39m] 127.0.0.1 - - GET 304 /get/secret 6.106 ms
2025-10-24T06:09:59.889Z [[32minfo[39m] 127.0.0.1 - - GET 400 /get/wish 1.518 ms
2025-10-24T06:10:00.338Z [[32minfo[39m] 127.0.0.1 - - GET 400 /get/wish 0.703 ms
2025-10-24T06:10:08.821Z [[32minfo[39m] 127.0.0.1 - - GET 400 /get/wish?userId=1 1.789 ms
2025-10-24T06:10:45.327Z [[32minfo[39m] 127.0.0.1 - - GET 200 /get/wish?userId=1&listId=2 2.787 ms
2025-10-24T06:10:54.909Z [[32minfo[39m] 127.0.0.1 - - GET 200 /get/wish?userId=1&listId=99 2.945 ms
2025-10-24T06:11:17.357Z [[32minfo[39m] [shop][localhost:53306] DB Connection Success
2025-10-24T06:11:17.359Z [[32minfo[39m] litening on https://0.0.0.0:8080
2025-10-24T06:11:45.488Z [[32minfo[39m] [shop][localhost:53306] DB Connection Success
2025-10-24T06:11:45.489Z [[32minfo[39m] litening on https://0.0.0.0:8080
2025-10-24T06:11:59.124Z [[32minfo[39m] [shop][localhost:53306] DB Connection Success
2025-10-24T06:11:59.129Z [[32minfo[39m] litening on https://0.0.0.0:8080
2025-10-24T06:12:13.224Z [[32minfo[39m] [shop][localhost:53306] DB Connection Success
2025-10-24T06:12:13.226Z [[32minfo[39m] litening on https://0.0.0.0:8080
2025-10-24T06:13:39.794Z [[32minfo[39m] 127.0.0.1 - - POST 201 /post/wish 157.749 ms
2025-10-24T06:14:10.616Z [[32minfo[39m] [shop][localhost:53306] DB Connection Success
2025-10-24T06:14:10.618Z [[32minfo[39m] litening on https://0.0.0.0:8080
2025-10-24T06:14:23.397Z [[32minfo[39m] [shop][localhost:53306] DB Connection Success
2025-10-24T06:14:23.399Z [[32minfo[39m] litening on https://0.0.0.0:8080
2025-10-24T06:14:29.061Z [[32minfo[39m] [shop][localhost:53306] DB Connection Success
2025-10-24T06:14:29.062Z [[32minfo[39m] litening on https://0.0.0.0:8080
2025-10-24T06:14:30.131Z [[32minfo[39m] [shop][localhost:53306] DB Connection Success
2025-10-24T06:14:30.133Z [[32minfo[39m] litening on https://0.0.0.0:8080
2025-10-24T06:18:30.591Z [[32minfo[39m] [shop][localhost:53306] DB Connection Success
2025-10-24T06:18:30.592Z [[32minfo[39m] litening on https://0.0.0.0:8080
2025-10-24T06:18:42.089Z [[32minfo[39m] [shop][localhost:53306] DB Connection Success
2025-10-24T06:18:42.092Z [[32minfo[39m] litening on https://0.0.0.0:8080
2025-10-24T06:19:04.982Z [[32minfo[39m] [shop][localhost:53306] DB Connection Success
2025-10-24T06:19:04.983Z [[32minfo[39m] litening on https://0.0.0.0:8080
2025-10-24T06:19:14.991Z [[32minfo[39m] [shop][localhost:53306] DB Connection Success
2025-10-24T06:19:14.993Z [[32minfo[39m] litening on https://0.0.0.0:8080
2025-10-24T06:19:24.958Z [[32minfo[39m] [shop][localhost:53306] DB Connection Success
2025-10-24T06:19:24.960Z [[32minfo[39m] litening on https://0.0.0.0:8080
2025-10-24T06:19:32.488Z [[32minfo[39m] [shop][localhost:53306] DB Connection Success
2025-10-24T06:19:32.489Z [[32minfo[39m] litening on https://0.0.0.0:8080
2025-10-24T06:19:40.328Z [[32minfo[39m] [shop][localhost:53306] DB Connection Success
2025-10-24T06:19:40.329Z [[32minfo[39m] litening on https://0.0.0.0:8080
2025-10-24T06:19:46.213Z [[32minfo[39m] [shop][localhost:53306] DB Connection Success
2025-10-24T06:19:46.214Z [[32minfo[39m] litening on https://0.0.0.0:8080
2025-10-24T06:19:54.170Z [[32minfo[39m] [shop][localhost:53306] DB Connection Success
2025-10-24T06:19:54.172Z [[32minfo[39m] litening on https://0.0.0.0:8080
2025-10-24T06:19:55.676Z [[32minfo[39m] [shop][localhost:53306] DB Connection Success
2025-10-24T06:19:55.678Z [[32minfo[39m] litening on https://0.0.0.0:8080
2025-10-24T06:21:10.220Z [[32minfo[39m] 127.0.0.1 - - POST 400 /auth/user/login/app 10.446 ms
2025-10-24T06:21:49.318Z [[31merror[39m] Cannot read properties of undefined (reading 'push')
  TypeError: Cannot read properties of undefined (reading 'push')
    at select_user (d:\seodev\develope\node\shop_svc\src\lib\query\user\query.ts:46:25)
    at selectUser (d:\seodev\develope\node\shop_svc\src\lib\query\user\user.ts:16:38)
    at <anonymous> (d:\seodev\develope\node\shop_svc\src\routes\auth\oauth.ts:193:26)
    at process.processTicksAndRejections (node:internal/process/task_queues:95:5)

  level: error
  timestamp: 2025-10-24T06:21:49.318Z
2025-10-24T06:21:49.321Z [[32minfo[39m] 127.0.0.1 - - POST 500 /auth/user/login/app 7.559 ms
2025-10-24T06:22:51.114Z [[32minfo[39m] [shop][localhost:53306] DB Connection Success
2025-10-24T06:22:51.115Z [[32minfo[39m] litening on https://0.0.0.0:8080
2025-10-24T06:22:52.544Z [[32minfo[39m] [shop][localhost:53306] DB Connection Success
2025-10-24T06:22:52.546Z [[32minfo[39m] litening on https://0.0.0.0:8080
2025-10-24T06:23:05.516Z [[32minfo[39m] [shop][localhost:53306] DB Connection Success
2025-10-24T06:23:05.517Z [[32minfo[39m] litening on https://0.0.0.0:8080
2025-10-24T06:23:22.866Z [[32minfo[39m] [shop][localhost:53306] DB Connection Success
2025-10-24T06:23:22.868Z [[32minfo[39m] litening on https://0.0.0.0:8080
2025-10-24T06:23:26.062Z [[32minfo[39m] [shop][localhost:53306] DB Connection Success
2025-10-24T06:23:26.064Z [[32minfo[39m] litening on https://0.0.0.0:8080
2025-10-24T06:23:41.406Z [[31merror[39m] Cannot read properties of undefined (reading 'push')
  TypeError: Cannot read properties of undefined (reading 'push')
    at select_user (d:\seodev\develope\node\shop_svc\src\lib\query\user\query.ts:46:25)
    at selectUser (d:\seodev\develope\node\shop_svc\src\lib\query\user\user.ts:16:38)
    at <anonymous> (d:\seodev\develope\node\shop_svc\src\routes\auth\oauth.ts:193:26)
    at process.processTicksAndRejections (node:internal/process/task_queues:95:5)

  level: error
  timestamp: 2025-10-24T06:23:41.406Z
2025-10-24T06:23:41.413Z [[32minfo[39m] 127.0.0.1 - - POST 500 /auth/user/login/app 15.090 ms
2025-10-24T06:24:45.654Z [[32minfo[39m] [shop][localhost:53306] DB Connection Success
2025-10-24T06:24:45.656Z [[32minfo[39m] litening on https://0.0.0.0:8080
2025-10-24T06:24:46.353Z [[31merror[39m] Cannot read properties of undefined (reading 'push')
  TypeError: Cannot read properties of undefined (reading 'push')
    at select_user (d:\seodev\develope\node\shop_svc\src\lib\query\user\query.ts:46:25)
    at selectUser (d:\seodev\develope\node\shop_svc\src\lib\query\user\user.ts:17:38)
    at <anonymous> (d:\seodev\develope\node\shop_svc\src\routes\auth\oauth.ts:193:26)
    at process.processTicksAndRejections (node:internal/process/task_queues:95:5)

  level: error
  timestamp: 2025-10-24T06:24:46.353Z
2025-10-24T06:24:46.360Z [[32minfo[39m] 127.0.0.1 - - POST 500 /auth/user/login/app 18.885 ms
2025-10-24T06:24:53.865Z [[32minfo[39m] [shop][localhost:53306] DB Connection Success
2025-10-24T06:24:53.867Z [[32minfo[39m] litening on https://0.0.0.0:8080
2025-10-24T06:24:56.683Z [[32minfo[39m] [shop][localhost:53306] DB Connection Success
2025-10-24T06:24:56.684Z [[32minfo[39m] litening on https://0.0.0.0:8080
2025-10-24T06:24:57.171Z [[31merror[39m] Cannot read properties of undefined (reading 'push')
  TypeError: Cannot read properties of undefined (reading 'push')
    at select_user (d:\seodev\develope\node\shop_svc\src\lib\query\user\query.ts:48:25)
    at selectUser (d:\seodev\develope\node\shop_svc\src\lib\query\user\user.ts:16:38)
    at <anonymous> (d:\seodev\develope\node\shop_svc\src\routes\auth\oauth.ts:193:26)
    at process.processTicksAndRejections (node:internal/process/task_queues:95:5)

  level: error
  timestamp: 2025-10-24T06:24:57.171Z
2025-10-24T06:24:57.177Z [[32minfo[39m] 127.0.0.1 - - POST 500 /auth/user/login/app 17.290 ms
2025-10-24T06:25:09.899Z [[32minfo[39m] [shop][localhost:53306] DB Connection Success
2025-10-24T06:25:09.900Z [[32minfo[39m] litening on https://0.0.0.0:8080
2025-10-24T06:25:10.818Z [[31merror[39m] You have an error in your SQL syntax; check the manual that corresponds to your MariaDB server version for the right syntax to use near '"   AND u.email = 'seodev17@gmail.com'' at line 15
  Error: You have an error in your SQL syntax; check the manual that corresponds to your MariaDB server version for the right syntax to use near '"   AND u.email = 'seodev17@gmail.com'' at line 15
    at PromisePool.query (D:\seodev\develope\node\shop_svc\node_modules\mysql2\lib\promise\pool.js:36:22)
    at selectUser (d:\seodev\develope\node\shop_svc\src\lib\query\user\user.ts:19:31)
    at <anonymous> (d:\seodev\develope\node\shop_svc\src\routes\auth\oauth.ts:193:26)
    at process.processTicksAndRejections (node:internal/process/task_queues:95:5)

  code: ER_PARSE_ERROR
  errno: 1064
  sql: 
SELECT
    u.id,
    u.type,
    u.email,
    u.password,
    u.nick,
    u.phone,
    u.address,
    u.picture,
    u.regist
FROM
    USER u
WHERE
    1 = 1   AND u.type = 'app'
"   AND u.email = 'seodev17@gmail.com'

  sqlState: 42000
  sqlMessage: You have an error in your SQL syntax; check the manual that corresponds to your MariaDB server version for the right syntax to use near '"   AND u.email = 'seodev17@gmail.com'' at line 15
  level: error
  timestamp: 2025-10-24T06:25:10.818Z
2025-10-24T06:25:10.824Z [[32minfo[39m] 127.0.0.1 - - POST 500 /auth/user/login/app 19.609 ms
2025-10-24T06:25:15.469Z [[32minfo[39m] [shop][localhost:53306] DB Connection Success
2025-10-24T06:25:15.472Z [[32minfo[39m] litening on https://0.0.0.0:8080
2025-10-24T06:25:19.391Z [[31merror[39m] You have an error in your SQL syntax; check the manual that corresponds to your MariaDB server version for the right syntax to use near '"   AND u.email = 'seodev17@gmail.com'' at line 15
  Error: You have an error in your SQL syntax; check the manual that corresponds to your MariaDB server version for the right syntax to use near '"   AND u.email = 'seodev17@gmail.com'' at line 15
    at PromisePool.query (D:\seodev\develope\node\shop_svc\node_modules\mysql2\lib\promise\pool.js:36:22)
    at selectUser (d:\seodev\develope\node\shop_svc\src\lib\query\user\user.ts:19:31)
    at <anonymous> (d:\seodev\develope\node\shop_svc\src\routes\auth\oauth.ts:193:26)
    at process.processTicksAndRejections (node:internal/process/task_queues:95:5)

  code: ER_PARSE_ERROR
  errno: 1064
  sql: 
SELECT
    u.id,
    u.type,
    u.email,
    u.password,
    u.nick,
    u.phone,
    u.address,
    u.picture,
    u.regist
FROM
    USER u
WHERE
    1 = 1   AND u.type = 'app'
"   AND u.email = 'seodev17@gmail.com'

  sqlState: 42000
  sqlMessage: You have an error in your SQL syntax; check the manual that corresponds to your MariaDB server version for the right syntax to use near '"   AND u.email = 'seodev17@gmail.com'' at line 15
  level: error
  timestamp: 2025-10-24T06:25:19.391Z
2025-10-24T06:25:19.398Z [[32minfo[39m] 127.0.0.1 - - POST 500 /auth/user/login/app 14.922 ms
2025-10-24T06:25:41.747Z [[32minfo[39m] [shop][localhost:53306] DB Connection Success
2025-10-24T06:25:41.749Z [[32minfo[39m] litening on https://0.0.0.0:8080
2025-10-24T06:25:42.407Z [[31merror[39m] You have an error in your SQL syntax; check the manual that corresponds to your MariaDB server version for the right syntax to use near '"   AND u.email = 'seodev17@gmail.com'' at line 16
  Error: You have an error in your SQL syntax; check the manual that corresponds to your MariaDB server version for the right syntax to use near '"   AND u.email = 'seodev17@gmail.com'' at line 16
    at PromisePool.query (D:\seodev\develope\node\shop_svc\node_modules\mysql2\lib\promise\pool.js:36:22)
    at selectUser (d:\seodev\develope\node\shop_svc\src\lib\query\user\user.ts:19:31)
    at <anonymous> (d:\seodev\develope\node\shop_svc\src\routes\auth\oauth.ts:193:26)
    at process.processTicksAndRejections (node:internal/process/task_queues:95:5)

  code: ER_PARSE_ERROR
  errno: 1064
  sql: 
SELECT
    u.id,
    u.type,
    u.email,
    u.password,
    u.nick,
    u.phone,
    u.address,
    u.picture,
    u.regist
FROM
    USER u
WHERE
    1 = 1
   AND u.type = 'app'
"   AND u.email = 'seodev17@gmail.com'

  sqlState: 42000
  sqlMessage: You have an error in your SQL syntax; check the manual that corresponds to your MariaDB server version for the right syntax to use near '"   AND u.email = 'seodev17@gmail.com'' at line 16
  level: error
  timestamp: 2025-10-24T06:25:42.407Z
2025-10-24T06:25:42.413Z [[32minfo[39m] 127.0.0.1 - - POST 500 /auth/user/login/app 16.121 ms
2025-10-24T06:25:54.146Z [[32minfo[39m] [shop][localhost:53306] DB Connection Success
2025-10-24T06:25:54.147Z [[32minfo[39m] litening on https://0.0.0.0:8080
2025-10-24T06:25:55.538Z [[32minfo[39m] 127.0.0.1 - - POST 200 /auth/user/login/app 19.004 ms
2025-10-24T06:26:06.948Z [[31merror[39m] secretOrPrivateKey is not valid key material
  Error: secretOrPrivateKey is not valid key material
    at module.exports [as sign] (D:\seodev\develope\node\shop_svc\node_modules\jsonwebtoken\sign.js:121:24)
    at <anonymous> (d:\seodev\develope\node\shop_svc\src\routes\auth\oauth.ts:209:27)
    at process.processTicksAndRejections (node:internal/process/task_queues:95:5)

  level: error
  timestamp: 2025-10-24T06:26:06.948Z
2025-10-24T06:26:06.952Z [[32minfo[39m] 127.0.0.1 - - POST 500 /auth/user/login/app 8.452 ms
2025-10-24T06:27:04.157Z [[32minfo[39m] [shop][localhost:53306] DB Connection Success
2025-10-24T06:27:04.159Z [[32minfo[39m] litening on https://0.0.0.0:8080
2025-10-24T06:27:07.775Z [[32minfo[39m] 127.0.0.1 - - POST 200 /auth/user/login/app 18.840 ms
2025-10-24T06:27:14.803Z [[32minfo[39m] 127.0.0.1 - - POST 200 /auth/user/login/app 3.924 ms
2025-10-24T06:28:00.869Z [[32minfo[39m] [shop][localhost:53306] DB Connection Success
2025-10-24T06:28:00.870Z [[32minfo[39m] litening on https://0.0.0.0:8080
2025-10-24T06:28:02.950Z [[32minfo[39m] 127.0.0.1 - - POST 200 /auth/user/login/app 17.572 ms
2025-10-24T06:28:06.470Z [[31merror[39m] Malformed UTF-8 data
  Error: Malformed UTF-8 data
    at Object.stringify (D:\seodev\develope\node\shop_svc\node_modules\crypto-js\core.js:523:24)
    at WordArray.init.toString (D:\seodev\develope\node\shop_svc\node_modules\crypto-js\core.js:278:38)
    at <anonymous> (d:\seodev\develope\node\shop_svc\src\routes\auth\oauth.ts:197:9)
    at process.processTicksAndRejections (node:internal/process/task_queues:95:5)

  level: error
  timestamp: 2025-10-24T06:28:06.470Z
2025-10-24T06:28:06.473Z [[32minfo[39m] 127.0.0.1 - - POST 500 /auth/user/login/app 5.276 ms
2025-10-24T06:28:39.021Z [[32minfo[39m] 127.0.0.1 - - POST 200 /auth/user/login/app 4.000 ms
2025-10-24T06:28:48.148Z [[32minfo[39m] [shop][localhost:53306] DB Connection Success
2025-10-24T06:28:48.149Z [[32minfo[39m] litening on https://0.0.0.0:8080
2025-10-24T06:29:12.191Z [[32minfo[39m] 127.0.0.1 - - POST 200 /auth/user/login/app 17.396 ms
2025-10-24T06:29:38.007Z [[32minfo[39m] [shop][localhost:53306] DB Connection Success
2025-10-24T06:29:38.008Z [[32minfo[39m] litening on https://0.0.0.0:8080
2025-10-24T06:29:49.691Z [[32minfo[39m] [shop][localhost:53306] DB Connection Success
2025-10-24T06:29:49.693Z [[32minfo[39m] litening on https://0.0.0.0:8080
2025-10-24T06:29:50.468Z [[32minfo[39m] 127.0.0.1 - - POST 200 /auth/user/login/app 17.594 ms
2025-10-24T06:30:19.672Z [[32minfo[39m] [shop][localhost:53306] DB Connection Success
2025-10-24T06:30:19.674Z [[32minfo[39m] litening on https://0.0.0.0:8080
2025-10-24T06:30:20.484Z [[32minfo[39m] 127.0.0.1 - - POST 200 /auth/user/login/app 17.522 ms
2025-10-24T06:30:32.365Z [[32minfo[39m] 127.0.0.1 - - POST 200 /auth/user/login/app 3.874 ms
2025-10-24T06:30:54.967Z [[32minfo[39m] [shop][localhost:53306] DB Connection Success
2025-10-24T06:30:54.968Z [[32minfo[39m] litening on https://0.0.0.0:8080
2025-10-24T06:31:09.399Z [[32minfo[39m] [shop][localhost:53306] DB Connection Success
2025-10-24T06:31:09.401Z [[32minfo[39m] litening on https://0.0.0.0:8080
2025-10-24T06:31:15.391Z [[32minfo[39m] [shop][localhost:53306] DB Connection Success
2025-10-24T06:31:15.392Z [[32minfo[39m] litening on https://0.0.0.0:8080
2025-10-24T06:31:16.098Z [[32minfo[39m] 127.0.0.1 - - POST 200 /auth/user/login/app 18.418 ms
2025-10-24T06:32:01.696Z [[32minfo[39m] [shop][localhost:53306] DB Connection Success
2025-10-24T06:32:01.698Z [[32minfo[39m] litening on https://0.0.0.0:8080
2025-10-24T10:28:35.744Z [[31merror[39m] uncaughtException: connect ECONNREFUSED ::1:53306
Error: connect ECONNREFUSED ::1:53306
    at PromisePool.query (D:\seodev\develope\node\shop_svc\node_modules\mysql2\lib\promise\pool.js:36:22)
    at dbConnectionTest (d:\seodev\develope\node\shop_svc\src\lib\db.ts:16:29)
    at Server.<anonymous> (d:\seodev\develope\node\shop_svc\src\server.ts:57:9)
    at Object.onceWrapper (node:events:628:28)
    at Server.emit (node:events:514:28)
    at emitListeningNT (node:net:1785:10)
    at process.processTicksAndRejections (node:internal/process/task_queues:81:21)
2025-10-24T10:47:53.598Z [[32minfo[39m] [shop][localhost:53306] DB Connection Success
2025-10-24T10:47:53.599Z [[32minfo[39m] litening on https://0.0.0.0:8080
2025-10-24T10:48:38.258Z [[32minfo[39m] [shop][localhost:53306] DB Connection Success
2025-10-24T10:48:38.259Z [[32minfo[39m] litening on https://0.0.0.0:8080
2025-10-24T10:49:07.976Z [[32minfo[39m] [shop][localhost:53306] DB Connection Success
2025-10-24T10:49:07.977Z [[32minfo[39m] litening on https://0.0.0.0:8080
2025-10-24T10:49:15.393Z [[32minfo[39m] [shop][localhost:53306] DB Connection Success
2025-10-24T10:49:15.394Z [[32minfo[39m] litening on https://0.0.0.0:8080
2025-10-24T10:49:18.698Z [[32minfo[39m] [shop][localhost:53306] DB Connection Success
2025-10-24T10:49:18.699Z [[32minfo[39m] litening on https://0.0.0.0:8080
2025-10-24T10:49:19.879Z [[32minfo[39m] [shop][localhost:53306] DB Connection Success
2025-10-24T10:49:19.881Z [[32minfo[39m] litening on https://0.0.0.0:8080
2025-10-24T10:49:26.603Z [[32minfo[39m] [shop][localhost:53306] DB Connection Success
2025-10-24T10:49:26.604Z [[32minfo[39m] litening on https://0.0.0.0:8080
2025-10-24T10:57:11.064Z [[32minfo[39m] 127.0.0.1 - - POST 400 /post/mail/regist 148.033 ms
2025-10-24T10:57:17.822Z [[32minfo[39m] 127.0.0.1 - - POST 200 /post/mail/regist 8.118 ms
2025-10-24T10:57:30.971Z [[32minfo[39m] [shop][localhost:53306] DB Connection Success
2025-10-24T10:57:30.972Z [[32minfo[39m] litening on https://0.0.0.0:8080
2025-10-24T10:57:37.038Z [[32minfo[39m] [shop][localhost:53306] DB Connection Success
2025-10-24T10:57:37.039Z [[32minfo[39m] litening on https://0.0.0.0:8080
2025-10-24T10:58:51.428Z [[32minfo[39m] [shop][localhost:53306] DB Connection Success
2025-10-24T10:58:51.429Z [[32minfo[39m] litening on https://0.0.0.0:8080
2025-10-24T10:59:44.810Z [[32minfo[39m] 127.0.0.1 - - POST 400 /post/mail/subscribe 10.083 ms
2025-10-24T10:59:55.819Z [[32minfo[39m] 127.0.0.1 - - POST 200 /post/mail/subscribe 2734.634 ms
2025-10-24T11:02:11.733Z [[32minfo[39m] [shop][localhost:53306] DB Connection Success
2025-10-24T11:02:11.734Z [[32minfo[39m] litening on https://0.0.0.0:8080
2025-10-24T11:02:16.094Z [[32minfo[39m] [shop][localhost:53306] DB Connection Success
2025-10-24T11:02:16.095Z [[32minfo[39m] litening on https://0.0.0.0:8080
2025-10-24T11:02:19.462Z [[32minfo[39m] [shop][localhost:53306] DB Connection Success
2025-10-24T11:02:19.464Z [[32minfo[39m] litening on https://0.0.0.0:8080
2025-10-24T11:03:25.484Z [[32minfo[39m] [shop][localhost:53306] DB Connection Success
2025-10-24T11:03:25.486Z [[32minfo[39m] litening on https://0.0.0.0:8080
2025-10-24T11:03:46.316Z [[32minfo[39m] [shop][localhost:53306] DB Connection Success
2025-10-24T11:03:46.318Z [[32minfo[39m] litening on https://0.0.0.0:8080
2025-10-24T11:03:54.576Z [[32minfo[39m] [shop][localhost:53306] DB Connection Success
2025-10-24T11:03:54.578Z [[32minfo[39m] litening on https://0.0.0.0:8080
2025-10-24T11:04:53.797Z [[32minfo[39m] [shop][localhost:53306] DB Connection Success
2025-10-24T11:04:53.799Z [[32minfo[39m] litening on https://0.0.0.0:8080
2025-10-24T11:12:42.592Z [[32minfo[39m] [shop][localhost:53306] DB Connection Success
2025-10-24T11:12:42.593Z [[32minfo[39m] litening on https://0.0.0.0:8080
2025-10-24T11:14:21.193Z [[32minfo[39m] [shop][localhost:53306] DB Connection Success
2025-10-24T11:14:21.195Z [[32minfo[39m] litening on https://0.0.0.0:8080
2025-10-24T11:16:08.670Z [[32minfo[39m] [shop][localhost:53306] DB Connection Success
2025-10-24T11:16:08.671Z [[32minfo[39m] litening on https://0.0.0.0:8080
2025-10-24T11:17:35.799Z [[32minfo[39m] [shop][localhost:53306] DB Connection Success
2025-10-24T11:17:35.801Z [[32minfo[39m] litening on https://0.0.0.0:8080
2025-10-24T11:18:14.561Z [[32minfo[39m] [shop][localhost:53306] DB Connection Success
2025-10-24T11:18:14.562Z [[32minfo[39m] litening on https://0.0.0.0:8080
2025-10-24T11:18:16.312Z [[32minfo[39m] [shop][localhost:53306] DB Connection Success
2025-10-24T11:18:16.313Z [[32minfo[39m] litening on https://0.0.0.0:8080
2025-10-24T11:18:37.737Z [[32minfo[39m] [shop][localhost:53306] DB Connection Success
2025-10-24T11:18:37.738Z [[32minfo[39m] litening on https://0.0.0.0:8080
2025-10-24T11:25:25.617Z [[32minfo[39m] [shop][localhost:53306] DB Connection Success
2025-10-24T11:25:25.618Z [[32minfo[39m] litening on https://0.0.0.0:8080
2025-10-24T11:25:27.446Z [[32minfo[39m] [shop][localhost:53306] DB Connection Success
2025-10-24T11:25:27.448Z [[32minfo[39m] litening on https://0.0.0.0:8080
2025-10-24T11:25:39.203Z [[32minfo[39m] [shop][localhost:53306] DB Connection Success
2025-10-24T11:25:39.204Z [[32minfo[39m] litening on https://0.0.0.0:8080
2025-10-24T11:25:41.856Z [[32minfo[39m] [shop][localhost:53306] DB Connection Success
2025-10-24T11:25:41.857Z [[32minfo[39m] litening on https://0.0.0.0:8080
2025-10-24T11:25:57.450Z [[32minfo[39m] [shop][localhost:53306] DB Connection Success
2025-10-24T11:25:57.452Z [[32minfo[39m] litening on https://0.0.0.0:8080
2025-10-24T11:26:06.480Z [[32minfo[39m] [shop][localhost:53306] DB Connection Success
2025-10-24T11:26:06.481Z [[32minfo[39m] litening on https://0.0.0.0:8080
2025-10-24T11:26:31.157Z [[32minfo[39m] [shop][localhost:53306] DB Connection Success
2025-10-24T11:26:31.158Z [[32minfo[39m] litening on https://0.0.0.0:8080
2025-10-24T11:26:36.447Z [[32minfo[39m] [shop][localhost:53306] DB Connection Success
2025-10-24T11:26:36.448Z [[32minfo[39m] litening on https://0.0.0.0:8080
2025-10-24T11:26:43.765Z [[32minfo[39m] [shop][localhost:53306] DB Connection Success
2025-10-24T11:26:43.766Z [[32minfo[39m] litening on https://0.0.0.0:8080
2025-10-24T11:26:56.459Z [[32minfo[39m] [shop][localhost:53306] DB Connection Success
2025-10-24T11:26:56.460Z [[32minfo[39m] litening on https://0.0.0.0:8080
2025-10-24T11:27:10.728Z [[32minfo[39m] [shop][localhost:53306] DB Connection Success
2025-10-24T11:27:10.729Z [[32minfo[39m] litening on https://0.0.0.0:8080
2025-10-24T11:27:19.673Z [[32minfo[39m] [shop][localhost:53306] DB Connection Success
2025-10-24T11:27:19.675Z [[32minfo[39m] litening on https://0.0.0.0:8080
2025-10-24T11:27:23.914Z [[32minfo[39m] [shop][localhost:53306] DB Connection Success
2025-10-24T11:27:23.915Z [[32minfo[39m] litening on https://0.0.0.0:8080
2025-10-24T11:27:33.579Z [[32minfo[39m] [shop][localhost:53306] DB Connection Success
2025-10-24T11:27:33.581Z [[32minfo[39m] litening on https://0.0.0.0:8080
2025-10-24T11:27:46.729Z [[32minfo[39m] [shop][localhost:53306] DB Connection Success
2025-10-24T11:27:46.730Z [[32minfo[39m] litening on https://0.0.0.0:8080
2025-10-24T11:27:58.666Z [[32minfo[39m] [shop][localhost:53306] DB Connection Success
2025-10-24T11:27:58.667Z [[32minfo[39m] litening on https://0.0.0.0:8080
2025-10-24T11:28:01.945Z [[32minfo[39m] [shop][localhost:53306] DB Connection Success
2025-10-24T11:28:01.947Z [[32minfo[39m] litening on https://0.0.0.0:8080
2025-10-24T11:29:22.603Z [[32minfo[39m] [shop][localhost:53306] DB Connection Success
2025-10-24T11:29:22.604Z [[32minfo[39m] litening on https://0.0.0.0:8080
2025-10-24T11:29:31.185Z [[32minfo[39m] 127.0.0.1 - - GET 400 /get/my/order/list 3.322 ms
2025-10-24T11:29:31.301Z [[32minfo[39m] 127.0.0.1 - - GET 404 /favicon.ico 2.824 ms
2025-10-24T11:29:59.661Z [[32minfo[39m] [shop][localhost:53306] DB Connection Success
2025-10-24T11:29:59.662Z [[32minfo[39m] litening on https://0.0.0.0:8080
2025-10-24T11:30:06.959Z [[32minfo[39m] 127.0.0.1 - - GET 400 /get/my/order/list?userid=1 2.979 ms
2025-10-24T11:31:03.774Z [[32minfo[39m] 127.0.0.1 - - GET 200 /get/my/order/list?userId=1 3.644 ms
2025-10-24T11:31:15.327Z [[32minfo[39m] 127.0.0.1 - - GET 400 /get/my/order/product 1.092 ms
2025-10-24T11:31:46.611Z [[32minfo[39m] 127.0.0.1 - - GET 400 /get/my/order/product?orderId=2023111700001 0.946 ms
2025-10-24T11:31:57.426Z [[32minfo[39m] 127.0.0.1 - - GET 200 /get/my/order/product?id=2023111700001 5.083 ms
2025-10-24T11:32:46.162Z [[32minfo[39m] [shop][localhost:53306] DB Connection Success
2025-10-24T11:32:46.164Z [[32minfo[39m] litening on https://0.0.0.0:8080
2025-10-24T11:32:47.966Z [[32minfo[39m] 127.0.0.1 - - GET 304 /get/my/order/product?id=2023111700001 4.557 ms
2025-10-24T11:33:08.151Z [[32minfo[39m] 127.0.0.1 - - GET 304 /get/my/order/product?id=2023111700001 2.308 ms
2025-10-24T11:33:38.998Z [[32minfo[39m] [shop][localhost:53306] DB Connection Success
2025-10-24T11:33:38.999Z [[32minfo[39m] litening on https://0.0.0.0:8080
2025-10-24T11:33:40.398Z [[32minfo[39m] 127.0.0.1 - - GET 304 /get/my/order/product?id=2023111700001 5.233 ms
2025-10-24T11:33:49.776Z [[32minfo[39m] [shop][localhost:53306] DB Connection Success
2025-10-24T11:33:49.779Z [[32minfo[39m] litening on https://0.0.0.0:8080
2025-10-24T11:36:34.818Z [[32minfo[39m] 127.0.0.1 - - GET 304 /get/my/order/product?id=2023111700001 5.455 ms
2025-10-24T11:36:58.462Z [[32minfo[39m] [shop][localhost:53306] DB Connection Success
2025-10-24T11:36:58.464Z [[32minfo[39m] litening on https://0.0.0.0:8080
2025-10-24T11:36:59.290Z [[32minfo[39m] 127.0.0.1 - - GET 304 /get/my/order/product?id=2023111700001 6.966 ms
2025-10-24T11:37:20.485Z [[32minfo[39m] [shop][localhost:53306] DB Connection Success
2025-10-24T11:37:20.486Z [[32minfo[39m] litening on https://0.0.0.0:8080
2025-10-24T11:37:46.815Z [[32minfo[39m] [shop][localhost:53306] DB Connection Success
2025-10-24T11:37:46.817Z [[32minfo[39m] litening on https://0.0.0.0:8080
2025-10-24T11:37:47.652Z [[32minfo[39m] 127.0.0.1 - - GET 304 /get/my/order/product?id=2023111700001 6.107 ms
2025-10-24T11:38:11.891Z [[32minfo[39m] [shop][localhost:53306] DB Connection Success
2025-10-24T11:38:11.893Z [[32minfo[39m] litening on https://0.0.0.0:8080
2025-10-24T11:38:12.524Z [[32minfo[39m] 127.0.0.1 - - GET 304 /get/my/order/product?id=2023111700001 5.657 ms
2025-10-24T11:38:21.423Z [[32minfo[39m] [shop][localhost:53306] DB Connection Success
2025-10-24T11:38:21.425Z [[32minfo[39m] litening on https://0.0.0.0:8080
2025-10-24T11:38:22.079Z [[32minfo[39m] 127.0.0.1 - - GET 304 /get/my/order/product?id=2023111700001 5.843 ms
2025-10-24T11:38:30.956Z [[32minfo[39m] [shop][localhost:53306] DB Connection Success
2025-10-24T11:38:30.957Z [[32minfo[39m] litening on https://0.0.0.0:8080
2025-10-24T11:38:31.902Z [[32minfo[39m] 127.0.0.1 - - GET 304 /get/my/order/product?id=2023111700001 5.299 ms
2025-10-24T11:38:50.065Z [[32minfo[39m] [shop][localhost:53306] DB Connection Success
2025-10-24T11:38:50.066Z [[32minfo[39m] litening on https://0.0.0.0:8080
2025-10-24T11:38:50.786Z [[32minfo[39m] 127.0.0.1 - - GET 304 /get/my/order/product?id=2023111700001 5.206 ms
2025-10-24T11:41:44.050Z [[32minfo[39m] 127.0.0.1 - - GET 304 /get/my/order/product?id=2023111700001 5.307 ms
2025-10-24T11:42:14.895Z [[32minfo[39m] [shop][localhost:53306] DB Connection Success
2025-10-24T11:42:14.896Z [[32minfo[39m] litening on https://0.0.0.0:8080
2025-10-24T11:42:16.157Z [[32minfo[39m] [shop][localhost:53306] DB Connection Success
2025-10-24T11:42:16.158Z [[32minfo[39m] litening on https://0.0.0.0:8080
2025-10-24T11:42:16.321Z [[32minfo[39m] 127.0.0.1 - - GET 304 /get/my/order/product?id=2023111700001 6.465 ms
2025-10-24T11:42:36.175Z [[32minfo[39m] [shop][localhost:53306] DB Connection Success
2025-10-24T11:42:36.177Z [[32minfo[39m] litening on https://0.0.0.0:8080
2025-10-24T11:42:43.282Z [[32minfo[39m] 127.0.0.1 - - GET 200 /get/my/order/product?id=2023111700001 6.486 ms
2025-10-24T11:43:15.564Z [[32minfo[39m] [shop][localhost:53306] DB Connection Success
2025-10-24T11:43:15.565Z [[32minfo[39m] litening on https://0.0.0.0:8080
2025-10-24T11:43:23.036Z [[32minfo[39m] [shop][localhost:53306] DB Connection Success
2025-10-24T11:43:23.037Z [[32minfo[39m] litening on https://0.0.0.0:8080
2025-10-24T11:43:25.186Z [[32minfo[39m] [shop][localhost:53306] DB Connection Success
2025-10-24T11:43:25.188Z [[32minfo[39m] litening on https://0.0.0.0:8080
2025-10-24T11:43:53.431Z [[32minfo[39m] 127.0.0.1 - - GET 404 /get/my/list?userId=1 2.581 ms
2025-10-24T11:44:00.597Z [[32minfo[39m] 127.0.0.1 - - GET 304 /get/my/order/list?userId=1 6.011 ms
2025-10-24T11:44:14.024Z [[32minfo[39m] 127.0.0.1 - - GET 304 /get/my/order/product?id=2023111700001 4.896 ms
2025-10-24T11:44:22.978Z [[32minfo[39m] [shop][localhost:53306] DB Connection Success
2025-10-24T11:44:22.980Z [[32minfo[39m] litening on https://0.0.0.0:8080
2025-10-24T11:44:28.654Z [[32minfo[39m] [shop][localhost:53306] DB Connection Success
2025-10-24T11:44:28.656Z [[32minfo[39m] litening on https://0.0.0.0:8080
2025-10-24T11:44:33.241Z [[32minfo[39m] [shop][localhost:53306] DB Connection Success
2025-10-24T11:44:33.242Z [[32minfo[39m] litening on https://0.0.0.0:8080
2025-10-24T11:44:54.881Z [[32minfo[39m] 127.0.0.1 - - GET 200 /get/my/order/delivery?id=2023111500001 5.781 ms
2025-10-24T11:45:01.282Z [[32minfo[39m] 127.0.0.1 - - GET 200 /get/my/order/delivery?id=2023111700001 4.623 ms
2025-10-24T11:45:06.195Z [[32minfo[39m] [shop][localhost:53306] DB Connection Success
2025-10-24T11:45:06.196Z [[32minfo[39m] litening on https://0.0.0.0:8080
2025-10-24T11:45:07.192Z [[32minfo[39m] [shop][localhost:53306] DB Connection Success
2025-10-24T11:45:07.194Z [[32minfo[39m] litening on https://0.0.0.0:8080
2025-10-24T11:45:13.243Z [[32minfo[39m] [shop][localhost:53306] DB Connection Success
2025-10-24T11:45:13.244Z [[32minfo[39m] litening on https://0.0.0.0:8080
2025-10-24T11:45:16.363Z [[32minfo[39m] [shop][localhost:53306] DB Connection Success
2025-10-24T11:45:16.364Z [[32minfo[39m] litening on https://0.0.0.0:8080
2025-10-24T11:45:20.834Z [[32minfo[39m] [shop][localhost:53306] DB Connection Success
2025-10-24T11:45:20.835Z [[32minfo[39m] litening on https://0.0.0.0:8080
2025-10-24T11:45:52.878Z [[32minfo[39m] 127.0.0.1 - - GET 400 /get/my/order/address?id=8 5.134 ms
2025-10-24T11:45:58.902Z [[32minfo[39m] 127.0.0.1 - - GET 200 /get/my/order/address?addressId=8 5.406 ms
2025-10-24T11:46:37.647Z [[32minfo[39m] [shop][localhost:53306] DB Connection Success
2025-10-24T11:46:37.649Z [[32minfo[39m] litening on https://0.0.0.0:8080
2025-10-24T12:37:06.256Z [[32minfo[39m] [shop][localhost:53306] DB Connection Success
2025-10-24T12:37:06.257Z [[32minfo[39m] litening on https://0.0.0.0:8080
2025-10-24T12:37:10.463Z [[32minfo[39m] [shop][localhost:53306] DB Connection Success
2025-10-24T12:37:10.465Z [[32minfo[39m] litening on https://0.0.0.0:8080
2025-10-24T12:37:21.910Z [[32minfo[39m] [shop][localhost:53306] DB Connection Success
2025-10-24T12:37:21.912Z [[32minfo[39m] litening on https://0.0.0.0:8080
2025-10-24T12:38:53.349Z [[32minfo[39m] [shop][localhost:53306] DB Connection Success
2025-10-24T12:38:53.351Z [[32minfo[39m] litening on https://0.0.0.0:8080
2025-10-24T12:39:05.377Z [[32minfo[39m] [shop][localhost:53306] DB Connection Success
2025-10-24T12:39:05.378Z [[32minfo[39m] litening on https://0.0.0.0:8080
2025-10-24T12:39:24.534Z [[32minfo[39m] [shop][localhost:53306] DB Connection Success
2025-10-24T12:39:24.535Z [[32minfo[39m] litening on https://0.0.0.0:8080
2025-10-24T12:39:34.851Z [[32minfo[39m] [shop][localhost:53306] DB Connection Success
2025-10-24T12:39:34.852Z [[32minfo[39m] litening on https://0.0.0.0:8080
2025-10-24T12:39:37.650Z [[32minfo[39m] [shop][localhost:53306] DB Connection Success
2025-10-24T12:39:37.652Z [[32minfo[39m] litening on https://0.0.0.0:8080
2025-10-24T12:43:17.467Z [[32minfo[39m] 127.0.0.1 - - GET 200 /get/my/country 11.011 ms
2025-10-24T12:43:31.494Z [[32minfo[39m] [shop][localhost:53306] DB Connection Success
2025-10-24T12:43:31.496Z [[32minfo[39m] litening on https://0.0.0.0:8080
2025-10-24T12:43:39.453Z [[32minfo[39m] [shop][localhost:53306] DB Connection Success
2025-10-24T12:43:39.455Z [[32minfo[39m] litening on https://0.0.0.0:8080
2025-10-24T12:43:56.509Z [[32minfo[39m] [shop][localhost:53306] DB Connection Success
2025-10-24T12:43:56.511Z [[32minfo[39m] litening on https://0.0.0.0:8080
2025-10-24T12:44:08.547Z [[32minfo[39m] [shop][localhost:53306] DB Connection Success
2025-10-24T12:44:08.548Z [[32minfo[39m] litening on https://0.0.0.0:8080
2025-10-24T12:44:39.522Z [[32minfo[39m] [shop][localhost:53306] DB Connection Success
2025-10-24T12:44:39.523Z [[32minfo[39m] litening on https://0.0.0.0:8080
2025-10-24T12:44:40.548Z [[32minfo[39m] [shop][localhost:53306] DB Connection Success
2025-10-24T12:44:40.550Z [[32minfo[39m] litening on https://0.0.0.0:8080
2025-10-24T12:45:01.846Z [[32minfo[39m] [shop][localhost:53306] DB Connection Success
2025-10-24T12:45:01.848Z [[32minfo[39m] litening on https://0.0.0.0:8080
2025-10-24T12:45:09.809Z [[32minfo[39m] [shop][localhost:53306] DB Connection Success
2025-10-24T12:45:09.811Z [[32minfo[39m] litening on https://0.0.0.0:8080
2025-10-24T12:45:14.315Z [[32minfo[39m] [shop][localhost:53306] DB Connection Success
2025-10-24T12:45:14.317Z [[32minfo[39m] litening on https://0.0.0.0:8080
2025-10-24T12:46:33.266Z [[32minfo[39m] [shop][localhost:53306] DB Connection Success
2025-10-24T12:46:33.268Z [[32minfo[39m] litening on https://0.0.0.0:8080
2025-10-24T12:46:38.968Z [[32minfo[39m] 127.0.0.1 - - GET 400 /get/my/province 4.252 ms
2025-10-24T12:46:42.800Z [[32minfo[39m] 127.0.0.1 - - GET 200 /get/my/province?countryId=17 6.433 ms
2025-10-24T12:47:10.713Z [[32minfo[39m] 127.0.0.1 - - GET 304 /get/my/province?countryId=17 2.806 ms
2025-10-24T12:47:12.192Z [[32minfo[39m] 127.0.0.1 - - GET 200 /get/my/province?countryId=1 3.067 ms
2025-10-24T12:47:27.521Z [[32minfo[39m] [shop][localhost:53306] DB Connection Success
2025-10-24T12:47:27.522Z [[32minfo[39m] litening on https://0.0.0.0:8080
2025-10-24T12:47:30.932Z [[32minfo[39m] [shop][localhost:53306] DB Connection Success
2025-10-24T12:47:30.933Z [[32minfo[39m] litening on https://0.0.0.0:8080
2025-10-24T12:47:46.103Z [[32minfo[39m] [shop][localhost:53306] DB Connection Success
2025-10-24T12:47:46.105Z [[32minfo[39m] litening on https://0.0.0.0:8080
2025-10-24T12:47:56.255Z [[32minfo[39m] [shop][localhost:53306] DB Connection Success
2025-10-24T12:47:56.256Z [[32minfo[39m] litening on https://0.0.0.0:8080
2025-10-24T12:48:15.648Z [[32minfo[39m] [shop][localhost:53306] DB Connection Success
2025-10-24T12:48:15.650Z [[32minfo[39m] litening on https://0.0.0.0:8080
2025-10-24T12:49:07.790Z [[32minfo[39m] [shop][localhost:53306] DB Connection Success
2025-10-24T12:49:07.791Z [[32minfo[39m] litening on https://0.0.0.0:8080
2025-10-24T12:49:29.240Z [[32minfo[39m] [shop][localhost:53306] DB Connection Success
2025-10-24T12:49:29.242Z [[32minfo[39m] litening on https://0.0.0.0:8080
2025-10-24T12:49:47.465Z [[32minfo[39m] [shop][localhost:53306] DB Connection Success
2025-10-24T12:49:47.467Z [[32minfo[39m] litening on https://0.0.0.0:8080
2025-10-24T12:49:50.218Z [[32minfo[39m] 127.0.0.1 - - GET 400 /get/my/address 3.003 ms
2025-10-24T12:49:58.364Z [[32minfo[39m] 127.0.0.1 - - GET 200 /get/my/address?user=1&id=2 3.303 ms
2025-10-24T12:50:02.276Z [[32minfo[39m] 127.0.0.1 - - GET 200 /get/my/address?user=1&id=8 3.338 ms
2025-10-24T12:50:11.011Z [[32minfo[39m] [shop][localhost:53306] DB Connection Success
2025-10-24T12:50:11.012Z [[32minfo[39m] litening on https://0.0.0.0:8080
2025-10-24T12:50:12.348Z [[32minfo[39m] 127.0.0.1 - - GET 200 /get/my/address?user=1 5.396 ms
2025-10-24T12:50:18.607Z [[32minfo[39m] 127.0.0.1 - - GET 200 /get/my/address?id=8 4.642 ms
2025-10-24T12:50:22.567Z [[32minfo[39m] [shop][localhost:53306] DB Connection Success
2025-10-24T12:50:22.569Z [[32minfo[39m] litening on https://0.0.0.0:8080
2025-10-24T12:51:20.739Z [[32minfo[39m] [shop][localhost:53306] DB Connection Success
2025-10-24T12:51:20.741Z [[32minfo[39m] litening on https://0.0.0.0:8080
2025-10-24T12:51:22.726Z [[32minfo[39m] [shop][localhost:53306] DB Connection Success
2025-10-24T12:51:22.727Z [[32minfo[39m] litening on https://0.0.0.0:8080
2025-10-24T12:53:43.466Z [[32minfo[39m] [shop][localhost:53306] DB Connection Success
2025-10-24T12:53:43.467Z [[32minfo[39m] litening on https://0.0.0.0:8080
2025-10-24T12:53:50.366Z [[32minfo[39m] [shop][localhost:53306] DB Connection Success
2025-10-24T12:53:50.368Z [[32minfo[39m] litening on https://0.0.0.0:8080
2025-10-24T12:53:57.532Z [[32minfo[39m] [shop][localhost:53306] DB Connection Success
2025-10-24T12:53:57.534Z [[32minfo[39m] litening on https://0.0.0.0:8080
2025-10-24T12:54:55.366Z [[32minfo[39m] [shop][localhost:53306] DB Connection Success
2025-10-24T12:54:55.367Z [[32minfo[39m] litening on https://0.0.0.0:8080
2025-10-24T12:55:27.108Z [[32minfo[39m] [shop][localhost:53306] DB Connection Success
2025-10-24T12:55:27.110Z [[32minfo[39m] litening on https://0.0.0.0:8080
2025-10-24T12:55:31.940Z [[32minfo[39m] [shop][localhost:53306] DB Connection Success
2025-10-24T12:55:31.941Z [[32minfo[39m] litening on https://0.0.0.0:8080
2025-10-24T12:55:40.585Z [[32minfo[39m] [shop][localhost:53306] DB Connection Success
2025-10-24T12:55:40.587Z [[32minfo[39m] litening on https://0.0.0.0:8080
2025-10-24T12:55:43.273Z [[32minfo[39m] 127.0.0.1 - - GET 200 /get/my/wallets 4.820 ms
2025-10-24T12:56:35.965Z [[32minfo[39m] 127.0.0.1 - - GET 200 /get/my/wallets?user=1 3.673 ms
2025-10-24T12:56:39.403Z [[32minfo[39m] 127.0.0.1 - - GET 200 /get/my/wallets?user=2 3.297 ms
2025-10-24T12:56:42.469Z [[32minfo[39m] 127.0.0.1 - - GET 200 /get/my/wallets?user=1&id=6 3.240 ms
2025-10-24T12:56:43.647Z [[32minfo[39m] 127.0.0.1 - - GET 200 /get/my/wallets?user=1&id=3 3.067 ms
2025-10-24T12:56:49.633Z [[32minfo[39m] [shop][localhost:53306] DB Connection Success
2025-10-24T12:56:49.634Z [[32minfo[39m] litening on https://0.0.0.0:8080
2025-10-24T13:05:26.472Z [[32minfo[39m] [shop][localhost:53306] DB Connection Success
2025-10-24T13:05:26.473Z [[32minfo[39m] litening on https://0.0.0.0:8080
2025-10-24T13:05:38.162Z [[32minfo[39m] [shop][localhost:53306] DB Connection Success
2025-10-24T13:05:38.163Z [[32minfo[39m] litening on https://0.0.0.0:8080
2025-10-24T13:06:13.013Z [[32minfo[39m] [shop][localhost:53306] DB Connection Success
2025-10-24T13:06:13.014Z [[32minfo[39m] litening on https://0.0.0.0:8080
2025-10-24T13:06:13.895Z [[32minfo[39m] [shop][localhost:53306] DB Connection Success
2025-10-24T13:06:13.896Z [[32minfo[39m] litening on https://0.0.0.0:8080
2025-10-24T13:06:31.935Z [[32minfo[39m] [shop][localhost:53306] DB Connection Success
2025-10-24T13:06:31.936Z [[32minfo[39m] litening on https://0.0.0.0:8080
2025-10-24T13:06:32.890Z [[32minfo[39m] [shop][localhost:53306] DB Connection Success
2025-10-24T13:06:32.892Z [[32minfo[39m] litening on https://0.0.0.0:8080
2025-10-24T13:06:43.292Z [[32minfo[39m] [shop][localhost:53306] DB Connection Success
2025-10-24T13:06:43.293Z [[32minfo[39m] litening on https://0.0.0.0:8080
2025-10-24T13:06:51.774Z [[32minfo[39m] [shop][localhost:53306] DB Connection Success
2025-10-24T13:06:51.777Z [[32minfo[39m] litening on https://0.0.0.0:8080
2025-10-24T13:07:05.894Z [[32minfo[39m] [shop][localhost:53306] DB Connection Success
2025-10-24T13:07:05.896Z [[32minfo[39m] litening on https://0.0.0.0:8080
2025-10-24T13:07:07.897Z [[32minfo[39m] [shop][localhost:53306] DB Connection Success
2025-10-24T13:07:07.898Z [[32minfo[39m] litening on https://0.0.0.0:8080
2025-10-24T13:07:17.971Z [[32minfo[39m] [shop][localhost:53306] DB Connection Success
2025-10-24T13:07:17.972Z [[32minfo[39m] litening on https://0.0.0.0:8080
2025-10-24T13:07:28.599Z [[32minfo[39m] [shop][localhost:53306] DB Connection Success
2025-10-24T13:07:28.600Z [[32minfo[39m] litening on https://0.0.0.0:8080
2025-10-24T13:07:34.587Z [[32minfo[39m] 127.0.0.1 - - GET 400 /get/my/wishlist 2.801 ms
2025-10-24T13:07:38.384Z [[32minfo[39m] 127.0.0.1 - - GET 200 /get/my/wishlist?userId=1 4.064 ms
2025-10-24T13:11:43.145Z [[32minfo[39m] [shop][localhost:53306] DB Connection Success
2025-10-24T13:11:43.147Z [[32minfo[39m] litening on https://0.0.0.0:8080
2025-10-24T13:11:49.625Z [[32minfo[39m] [shop][localhost:53306] DB Connection Success
2025-10-24T13:11:49.626Z [[32minfo[39m] litening on https://0.0.0.0:8080
2025-10-24T13:11:59.604Z [[32minfo[39m] [shop][localhost:53306] DB Connection Success
2025-10-24T13:11:59.605Z [[32minfo[39m] litening on https://0.0.0.0:8080
2025-10-24T13:12:08.942Z [[32minfo[39m] [shop][localhost:53306] DB Connection Success
2025-10-24T13:12:08.944Z [[32minfo[39m] litening on https://0.0.0.0:8080
2025-10-24T13:12:18.320Z [[32minfo[39m] [shop][localhost:53306] DB Connection Success
2025-10-24T13:12:18.322Z [[32minfo[39m] litening on https://0.0.0.0:8080
2025-10-24T13:12:21.139Z [[32minfo[39m] [shop][localhost:53306] DB Connection Success
2025-10-24T13:12:21.141Z [[32minfo[39m] litening on https://0.0.0.0:8080
2025-10-24T13:15:02.636Z [[32minfo[39m] [shop][localhost:53306] DB Connection Success
2025-10-24T13:15:02.637Z [[32minfo[39m] litening on https://0.0.0.0:8080
2025-10-24T13:15:06.584Z [[32minfo[39m] [shop][localhost:53306] DB Connection Success
2025-10-24T13:15:06.586Z [[32minfo[39m] litening on https://0.0.0.0:8080
2025-10-24T13:15:07.767Z [[32minfo[39m] [shop][localhost:53306] DB Connection Success
2025-10-24T13:15:07.768Z [[32minfo[39m] litening on https://0.0.0.0:8080
2025-10-24T13:15:17.600Z [[32minfo[39m] [shop][localhost:53306] DB Connection Success
2025-10-24T13:15:17.602Z [[32minfo[39m] litening on https://0.0.0.0:8080
2025-10-24T13:15:31.527Z [[32minfo[39m] [shop][localhost:53306] DB Connection Success
2025-10-24T13:15:31.528Z [[32minfo[39m] litening on https://0.0.0.0:8080
2025-10-24T13:15:42.586Z [[32minfo[39m] [shop][localhost:53306] DB Connection Success
2025-10-24T13:15:42.587Z [[32minfo[39m] litening on https://0.0.0.0:8080
2025-10-24T13:15:49.446Z [[32minfo[39m] [shop][localhost:53306] DB Connection Success
2025-10-24T13:15:49.448Z [[32minfo[39m] litening on https://0.0.0.0:8080
2025-10-24T13:15:55.877Z [[32minfo[39m] 127.0.0.1 - - GET 400 /get/my/promotion 2.759 ms
2025-10-24T13:15:59.606Z [[32minfo[39m] 127.0.0.1 - - GET 400 /get/my/promotion?userid=1 1.071 ms
2025-10-24T13:16:02.137Z [[32minfo[39m] 127.0.0.1 - - GET 200 /get/my/promotion?userId=1 5.003 ms
2025-10-24T13:16:16.886Z [[32minfo[39m] [shop][localhost:53306] DB Connection Success
2025-10-24T13:16:16.888Z [[32minfo[39m] litening on https://0.0.0.0:8080
2025-10-24T13:16:18.226Z [[32minfo[39m] [shop][localhost:53306] DB Connection Success
2025-10-24T13:16:18.228Z [[32minfo[39m] litening on https://0.0.0.0:8080
